arquivo,linhas,cobertura,selects_textuais,inserts_textuais,updates_textuais,deletes_textuais
MIGRATIONS_PENDENTES.sql,1568,varredura automatizada; revisao manual integral pendente,0,0,0,0
app/[modulo]/page.tsx,205,varredura automatizada e trechos citados revisados,0,0,0,0
app/admin/campo/page.tsx,229,varredura automatizada; revisao manual integral pendente,0,0,0,0
app/admin/clientes/novo/page.tsx,408,varredura automatizada; revisao manual integral pendente,0,0,0,0
app/admin/clientes/page.tsx,981,varredura automatizada; revisao manual integral pendente,0,0,0,0
app/admin/cp-produtor/page.tsx,479,varredura automatizada; revisao manual integral pendente,4,0,0,0
app/admin/dados/page.tsx,766,varredura automatizada e trechos citados revisados,1,0,2,7
app/admin/faturamento/page.tsx,697,varredura automatizada e trechos citados revisados,4,1,1,0
app/admin/identidade/page.tsx,521,varredura automatizada; revisao manual integral pendente,2,1,1,0
app/admin/layout.tsx,237,varredura automatizada; revisao manual integral pendente,0,0,0,0
app/admin/logs/page.tsx,399,varredura automatizada; revisao manual integral pendente,1,0,0,0
app/admin/manual/page.tsx,745,varredura automatizada; revisao manual integral pendente,0,0,0,0
app/admin/modulos/page.tsx,370,varredura automatizada; revisao manual integral pendente,0,0,0,0
app/admin/onboarding/page.tsx,420,varredura automatizada; revisao manual integral pendente,1,0,0,1
app/admin/padroes/page.tsx,590,varredura automatizada; revisao manual integral pendente,1,1,1,2
app/admin/page.tsx,729,varredura automatizada; revisao manual integral pendente,0,0,0,0
app/admin/parceiros/page.tsx,284,varredura automatizada; revisao manual integral pendente,2,1,2,0
app/admin/planos/page.tsx,159,varredura automatizada; revisao manual integral pendente,0,0,0,0
app/admin/usuarios/page.tsx,995,varredura automatizada; revisao manual integral pendente,2,0,0,1
app/algodao/page.tsx,1352,varredura automatizada; revisao manual integral pendente,13,5,5,0
app/alterar-senha/page.tsx,152,varredura automatizada; revisao manual integral pendente,0,0,0,0
app/api/admin/atualizar-conta/route.ts,57,varredura automatizada; revisao manual integral pendente,1,0,1,0
app/api/admin/atualizar-hub-acesso/route.ts,56,varredura automatizada; revisao manual integral pendente,1,0,1,0
app/api/admin/atualizar-role-usuario/route.ts,58,varredura automatizada; revisao manual integral pendente,2,0,1,0
app/api/admin/backups-storage/route.ts,102,varredura automatizada; revisao manual integral pendente,2,0,0,0
app/api/admin/buscar-auth-user/route.ts,41,varredura automatizada; revisao manual integral pendente,0,0,0,0
app/api/admin/campo/listar-operadores/route.ts,55,varredura automatizada; revisao manual integral pendente,2,0,0,0
app/api/admin/campo/operador/route.ts,133,varredura automatizada; revisao manual integral pendente,2,1,1,0
app/api/admin/cancelar-cliente/route.ts,140,varredura automatizada; revisao manual integral pendente,4,0,2,5
app/api/admin/conta-modulos/route.ts,74,varredura automatizada; revisao manual integral pendente,2,0,0,0
app/api/admin/corrigir-ibge-pessoas/route.ts,66,varredura automatizada; revisao manual integral pendente,1,0,1,0
app/api/admin/cp-produtor/processar-auto/route.ts,262,varredura automatizada; revisao manual integral pendente,6,0,1,0
app/api/admin/cp-produtor/salvar/route.ts,48,varredura automatizada; revisao manual integral pendente,0,0,1,0
app/api/admin/cp-produtor/sugerir/route.ts,110,varredura automatizada; revisao manual integral pendente,0,0,0,0
app/api/admin/criar-cliente-interno/route.ts,46,varredura automatizada; revisao manual integral pendente,1,0,0,0
app/api/admin/criar-conta-admin/route.ts,83,varredura automatizada; revisao manual integral pendente,2,1,1,0
app/api/admin/criar-usuario-raccotlo/route.ts,147,varredura automatizada; revisao manual integral pendente,2,0,0,0
app/api/admin/criar-usuario/route.ts,236,varredura automatizada e trechos citados revisados,5,1,1,0
app/api/admin/equipe-raccotlo/route.ts,89,varredura automatizada; revisao manual integral pendente,2,0,1,0
app/api/admin/liberar-onboarding/route.ts,109,varredura automatizada; revisao manual integral pendente,4,0,3,0
app/api/admin/listar-clientes-admin/route.ts,131,varredura automatizada; revisao manual integral pendente,6,0,0,0
app/api/admin/listar-contas/route.ts,49,varredura automatizada; revisao manual integral pendente,2,0,0,0
app/api/admin/novo-cliente/route.ts,94,varredura automatizada; revisao manual integral pendente,2,0,0,0
app/api/admin/planos/route.ts,10,varredura automatizada; revisao manual integral pendente,0,0,0,0
app/api/admin/raccotlo-clientes/route.ts,77,varredura automatizada; revisao manual integral pendente,2,1,0,1
app/api/admin/seed-templates/route.ts,45,varredura automatizada; revisao manual integral pendente,1,0,0,0
app/api/admin/sincronizar-padroes/route.ts,189,varredura automatizada; revisao manual integral pendente,5,1,1,0
app/api/admin/zeramento-estoque/route.ts,62,varredura automatizada; revisao manual integral pendente,1,0,2,0
app/api/agente/implantar/route.ts,706,varredura automatizada; revisao manual integral pendente,8,6,1,0
app/api/ai/extrair-cedula/route.ts,32,varredura automatizada; revisao manual integral pendente,0,0,0,0
app/api/ai/extrair-consorcio/route.ts,31,varredura automatizada; revisao manual integral pendente,0,0,0,0
app/api/ai/extrair-contrato-venda/route.ts,42,varredura automatizada; revisao manual integral pendente,0,0,0,0
app/api/ai/extrair-pedido-compra/route.ts,31,varredura automatizada; revisao manual integral pendente,0,0,0,0
app/api/antt/ciot/route.ts,167,varredura automatizada; revisao manual integral pendente,1,1,3,0
app/api/apoio-bulk/route.ts,125,varredura automatizada e trechos citados revisados,5,0,1,2
app/api/asaas/cobrar/route.ts,109,varredura automatizada; revisao manual integral pendente,2,1,0,0
app/api/asaas/webhook/route.ts,109,varredura automatizada; revisao manual integral pendente,1,0,6,0
app/api/backup/restore/route.ts,136,varredura automatizada; revisao manual integral pendente,2,2,0,0
app/api/backup/route.ts,194,varredura automatizada e trechos citados revisados,3,1,0,0
app/api/bi/excluir-duplicatas/route.ts,82,varredura automatizada; revisao manual integral pendente,3,0,0,1
app/api/bpo/usuarios/route.ts,177,varredura automatizada; revisao manual integral pendente,4,1,0,0
app/api/cadastro/route.ts,245,varredura automatizada; revisao manual integral pendente,4,6,1,0
app/api/campo/abastecimento-acao/route.ts,201,varredura automatizada; revisao manual integral pendente,7,3,6,0
app/api/campo/aprovar-lancamento/route.ts,450,varredura automatizada; revisao manual integral pendente,18,4,10,0
app/api/campo/consumir-estoque/route.ts,148,varredura automatizada; revisao manual integral pendente,3,2,1,0
app/api/campo/notificar-pendente/route.ts,116,varredura automatizada; revisao manual integral pendente,4,0,0,0
app/api/campo/operador-conta/route.ts,184,varredura automatizada; revisao manual integral pendente,6,1,1,0
app/api/campo/sync/route.ts,126,varredura automatizada e trechos citados revisados,3,7,0,0
app/api/campo/transferencia-acao/route.ts,715,varredura automatizada; revisao manual integral pendente,17,11,5,1
app/api/campo/transferencia/route.ts,51,varredura automatizada; revisao manual integral pendente,1,2,0,1
app/api/campo/transferencias-lista/route.ts,36,varredura automatizada; revisao manual integral pendente,1,0,0,0
app/api/campo/transferencias-pendentes/route.ts,33,varredura automatizada; revisao manual integral pendente,1,0,0,0
app/api/cert-meta/route.ts,88,varredura automatizada; revisao manual integral pendente,1,0,0,0
app/api/cert-upload/route.ts,167,varredura automatizada; revisao manual integral pendente,4,0,0,0
app/api/compras/estornar-nf-servico/route.ts,54,varredura automatizada; revisao manual integral pendente,2,0,1,2
app/api/compras/estornar-nf/route.ts,229,varredura automatizada; revisao manual integral pendente,11,0,5,8
app/api/compras/excluir-nf-servico/route.ts,45,varredura automatizada; revisao manual integral pendente,1,0,0,2
app/api/compras/excluir-nf/route.ts,208,varredura automatizada e trechos citados revisados,10,0,3,9
app/api/compras/gerar-cp/route.ts,97,varredura automatizada; revisao manual integral pendente,2,1,2,0
app/api/compras/nf-rascunho-itens/route.ts,97,varredura automatizada; revisao manual integral pendente,0,1,0,1
app/api/compras/nf-update/route.ts,65,varredura automatizada; revisao manual integral pendente,0,0,1,0
app/api/configuracoes/classificacao-padroes/route.ts,63,varredura automatizada; revisao manual integral pendente,3,1,0,0
app/api/configuracoes/taxas/route.ts,117,varredura automatizada; revisao manual integral pendente,0,0,0,0
app/api/conta/bootstrap/route.ts,97,varredura automatizada; revisao manual integral pendente,3,1,1,0
app/api/contratos/compra-terra/parcelas/route.ts,232,varredura automatizada; revisao manual integral pendente,7,3,0,4
app/api/contratos/confirmar/route.ts,173,varredura automatizada e trechos citados revisados,6,2,2,0
app/api/cron/alertas-vencimento/route.ts,302,varredura automatizada; revisao manual integral pendente,5,0,0,0
app/api/cron/atualizar-taxas/route.ts,93,varredura automatizada; revisao manual integral pendente,0,0,0,0
app/api/cron/backup/route.ts,57,varredura automatizada; revisao manual integral pendente,1,0,0,0
app/api/cron/cobranca/route.ts,232,varredura automatizada; revisao manual integral pendente,7,3,5,0
app/api/cron/curva-mercado/route.ts,95,varredura automatizada; revisao manual integral pendente,0,1,0,1
app/api/cron/recalibrar-storage/route.ts,68,varredura automatizada; revisao manual integral pendente,3,0,1,0
app/api/cron/relatorio-semanal/route.ts,280,varredura automatizada; revisao manual integral pendente,6,0,0,0
app/api/cron/sieg-sync/route.ts,450,varredura automatizada; revisao manual integral pendente,13,4,6,0
app/api/cte/distribuicao/route.ts,172,varredura automatizada; revisao manual integral pendente,1,0,0,0
app/api/culturas-seed/route.ts,57,varredura automatizada; revisao manual integral pendente,2,1,0,0
app/api/debug/cert-chain/route.ts,125,varredura automatizada e trechos citados revisados,0,0,0,0
app/api/empresa-lancamentos/baixar/route.ts,100,varredura automatizada; revisao manual integral pendente,1,0,3,0
app/api/empresa-lancamentos/route.ts,34,varredura automatizada e trechos citados revisados,1,1,0,0
app/api/fazenda/arrendamentos/route.ts,34,varredura automatizada; revisao manual integral pendente,1,0,0,0
app/api/fazenda/criar/route.ts,41,varredura automatizada; revisao manual integral pendente,1,1,0,0
app/api/fazenda/da-conta/route.ts,86,varredura automatizada; revisao manual integral pendente,5,0,0,0
app/api/fazenda/listar-clientes/route.ts,134,varredura automatizada; revisao manual integral pendente,6,0,0,0
app/api/fazenda/raccolto-acesso/route.ts,71,varredura automatizada; revisao manual integral pendente,2,0,1,0
app/api/fazenda/salvar/route.ts,93,varredura automatizada; revisao manual integral pendente,4,1,1,0
app/api/financeiro/baixar/route.ts,189,varredura automatizada e trechos citados revisados,4,1,8,0
app/api/financeiro/bordero-acao/route.ts,116,varredura automatizada; revisao manual integral pendente,2,0,4,2
app/api/financeiro/conciliacao-regras/aplicar/route.ts,145,varredura automatizada; revisao manual integral pendente,9,2,4,1
app/api/financeiro/conciliacao-regras/route.ts,130,varredura automatizada; revisao manual integral pendente,9,1,2,1
app/api/financeiro/consorcios/lance/route.ts,110,varredura automatizada; revisao manual integral pendente,5,2,4,2
app/api/financeiro/consorcios/route.ts,333,varredura automatizada; revisao manual integral pendente,7,6,1,3
app/api/financeiro/lancamentos/route.ts,88,varredura automatizada e trechos citados revisados,1,0,1,0
app/api/financeiro/persistir-extrato/route.ts,273,varredura automatizada; revisao manual integral pendente,9,0,15,2
app/api/financeiro/seguros/route.ts,177,varredura automatizada; revisao manual integral pendente,4,3,1,2
app/api/fiscal/cancelar-cte/route.ts,34,varredura automatizada; revisao manual integral pendente,0,0,0,0
app/api/fiscal/cancelar-mdfe/route.ts,35,varredura automatizada; revisao manual integral pendente,1,0,1,0
app/api/fiscal/consultar-cadastro/route.ts,99,varredura automatizada; revisao manual integral pendente,3,0,0,0
app/api/fiscal/consultar-nfe/route.ts,236,varredura automatizada; revisao manual integral pendente,3,1,4,0
app/api/fiscal/danfe/route.ts,144,varredura automatizada; revisao manual integral pendente,6,0,0,0
app/api/fiscal/emitir-cte/route.ts,122,varredura automatizada e trechos citados revisados,0,0,0,0
app/api/fiscal/emitir-mdfe/route.ts,25,varredura automatizada e trechos citados revisados,0,0,0,0
app/api/fiscal/emitir-nfe/route.ts,102,varredura automatizada; revisao manual integral pendente,0,0,0,0
app/api/fiscal/encerrar-mdfe/route.ts,39,varredura automatizada; revisao manual integral pendente,1,0,1,0
app/api/fiscal/eventos/route.ts,107,varredura automatizada; revisao manual integral pendente,3,1,1,0
app/api/fiscal/nfse-recibo/route.ts,160,varredura automatizada; revisao manual integral pendente,2,0,0,0
app/api/fiscal/status-sefaz/route.ts,195,varredura automatizada; revisao manual integral pendente,0,0,0,0
app/api/folha/salvar/route.ts,524,varredura automatizada; revisao manual integral pendente,24,8,16,7
app/api/grupos-usuarios/route.ts,166,varredura automatizada; revisao manual integral pendente,8,1,1,1
app/api/importar-apoio/route.ts,359,varredura automatizada; revisao manual integral pendente,6,1,0,0
app/api/insumos/importar/route.ts,147,varredura automatizada; revisao manual integral pendente,3,2,1,0
app/api/insumos/route.ts,144,varredura automatizada; revisao manual integral pendente,6,3,1,1
app/api/integracoes/sieg-cert/route.ts,101,varredura automatizada; revisao manual integral pendente,1,0,0,0
app/api/integracoes/sieg-dedup/route.ts,87,varredura automatizada; revisao manual integral pendente,3,0,0,2
app/api/integracoes/sieg-manifestar/route.ts,100,varredura automatizada; revisao manual integral pendente,0,0,1,0
app/api/integracoes/sieg-sync-nfse/route.ts,398,varredura automatizada; revisao manual integral pendente,6,1,1,0
app/api/integracoes/sieg-sync/route.ts,313,varredura automatizada; revisao manual integral pendente,8,3,1,1
app/api/integracoes/sieg-test/route.ts,119,varredura automatizada; revisao manual integral pendente,0,0,0,0
app/api/lancamentos-cp/route.ts,34,varredura automatizada e trechos citados revisados,1,1,0,0
app/api/lancamentos/route.ts,35,varredura automatizada e trechos citados revisados,1,1,0,0
app/api/mdfe/salvar-ciot/route.ts,31,varredura automatizada; revisao manual integral pendente,0,0,1,0
app/api/nfe/xml-por-chave/route.ts,73,varredura automatizada; revisao manual integral pendente,0,0,0,0
app/api/parse-xlsx/route.ts,104,varredura automatizada; revisao manual integral pendente,0,0,0,0
app/api/pendencias/reprocessar/route.ts,184,varredura automatizada; revisao manual integral pendente,4,5,6,0
app/api/perfil/fazenda-ativa/route.ts,35,varredura automatizada; revisao manual integral pendente,0,0,1,0
app/api/precos/route.ts,247,varredura automatizada; revisao manual integral pendente,1,0,0,0
app/api/produtores/criar/route.ts,79,varredura automatizada; revisao manual integral pendente,2,1,0,0
app/api/produtores/listar/route.ts,71,varredura automatizada; revisao manual integral pendente,2,0,0,0
app/api/public/precos-planos/route.ts,14,varredura automatizada; revisao manual integral pendente,0,0,0,0
app/api/romaneios/route.ts,54,varredura automatizada; revisao manual integral pendente,3,0,1,1
app/api/saas/route.ts,198,varredura automatizada; revisao manual integral pendente,2,0,2,0
app/api/seed-cfops/route.ts,39,varredura automatizada e trechos citados revisados,0,0,0,0
app/api/sieg/route.ts,134,varredura automatizada; revisao manual integral pendente,1,0,0,0
app/api/storage/excluir/route.ts,60,varredura automatizada; revisao manual integral pendente,3,0,1,1
app/api/storage/listar/route.ts,80,varredura automatizada; revisao manual integral pendente,3,0,0,0
app/api/storage/upload/route.ts,132,varredura automatizada; revisao manual integral pendente,5,1,1,0
app/api/storage/uso/route.ts,55,varredura automatizada; revisao manual integral pendente,4,0,0,0
app/api/suporte/chat/route.ts,415,varredura automatizada; revisao manual integral pendente,3,0,0,0
app/api/suporte/mensagem/route.ts,44,varredura automatizada; revisao manual integral pendente,1,1,1,0
app/api/talhao-arrendamentos/route.ts,62,varredura automatizada; revisao manual integral pendente,3,1,0,1
app/api/talhao-documentacao/route.ts,70,varredura automatizada; revisao manual integral pendente,4,2,0,2
app/api/transporte/cte-salvar/route.ts,51,varredura automatizada; revisao manual integral pendente,1,1,1,0
app/api/transporte/excluir-rascunho/route.ts,31,varredura automatizada; revisao manual integral pendente,1,0,0,1
app/api/upload-logo/route.ts,42,varredura automatizada; revisao manual integral pendente,0,0,1,0
app/api/usuarios-cliente/route.ts,107,varredura automatizada; revisao manual integral pendente,3,0,1,1
app/api/version/route.ts,9,varredura automatizada; revisao manual integral pendente,0,0,0,0
app/api/whatsapp/fix-webhook/route.ts,61,varredura automatizada; revisao manual integral pendente,0,0,0,0
app/api/whatsapp/reconectar/route.ts,59,varredura automatizada; revisao manual integral pendente,0,0,0,0
app/api/whatsapp/simular-evento/route.ts,56,varredura automatizada; revisao manual integral pendente,0,0,0,0
app/api/whatsapp/status/route.ts,74,varredura automatizada; revisao manual integral pendente,1,0,0,0
app/api/whatsapp/test-webhook/route.ts,113,varredura automatizada; revisao manual integral pendente,2,0,0,0
app/api/whatsapp/webhook/route.ts,520,varredura automatizada; revisao manual integral pendente,4,1,1,0
app/atualizacoes/page.tsx,3129,varredura automatizada; revisao manual integral pendente,0,0,0,0
app/auditoria/classificacao/page.tsx,438,varredura automatizada; revisao manual integral pendente,7,0,2,0
app/auditoria/safra-ciclo/page.tsx,391,varredura automatizada; revisao manual integral pendente,4,0,0,1
app/auth/callback/route.ts,36,varredura automatizada; revisao manual integral pendente,0,0,0,0
app/auth/nova-senha/page.tsx,174,varredura automatizada; revisao manual integral pendente,0,0,0,0
app/balanca/pesagem-avulsa/page.tsx,954,varredura automatizada e trechos citados revisados,1,1,2,0
app/bi/page.tsx,5706,varredura automatizada; revisao manual integral pendente,33,0,0,8
app/bpo/admin/page.tsx,581,varredura automatizada; revisao manual integral pendente,0,0,0,0
app/bpo/seletor-cliente/page.tsx,215,varredura automatizada; revisao manual integral pendente,0,0,0,0
app/cadastro/page.tsx,416,varredura automatizada; revisao manual integral pendente,0,0,0,0
app/cadastros/page.tsx,11266,varredura automatizada e trechos citados revisados,33,14,7,15
app/campo/CampoLayoutClient.tsx,151,varredura automatizada; revisao manual integral pendente,1,0,0,0
app/campo/abastecimento/page.tsx,438,varredura automatizada; revisao manual integral pendente,4,2,3,0
app/campo/adubacao/page.tsx,289,varredura automatizada; revisao manual integral pendente,4,2,0,0
app/campo/aerea/page.tsx,531,varredura automatizada; revisao manual integral pendente,7,3,0,0
app/campo/colheita/page.tsx,255,varredura automatizada; revisao manual integral pendente,3,1,0,0
app/campo/layout.tsx,29,varredura automatizada; revisao manual integral pendente,0,0,0,0
app/campo/login/page.tsx,198,varredura automatizada; revisao manual integral pendente,0,0,0,0
app/campo/monitoramento/page.tsx,424,varredura automatizada e trechos citados revisados,3,1,0,0
app/campo/page.tsx,124,varredura automatizada; revisao manual integral pendente,3,0,0,0
app/campo/plantio/page.tsx,271,varredura automatizada; revisao manual integral pendente,3,1,0,0
app/campo/pulverizacao/page.tsx,370,varredura automatizada; revisao manual integral pendente,4,2,0,0
app/campo/transferencias/page.tsx,416,varredura automatizada; revisao manual integral pendente,3,1,0,0
app/comercial/faturamento/danfe/[id]/page.tsx,624,varredura automatizada; revisao manual integral pendente,4,0,0,0
app/comercial/faturamento/page.tsx,1735,varredura automatizada e trechos citados revisados,10,0,9,0
app/comercial/hedge/page.tsx,1313,varredura automatizada; revisao manual integral pendente,9,3,0,3
app/compras/nf-servico/page.tsx,1689,varredura automatizada; revisao manual integral pendente,11,1,4,1
app/compras/nf/page.tsx,5485,varredura automatizada; revisao manual integral pendente,12,0,0,4
app/compras/page.tsx,2760,varredura automatizada; revisao manual integral pendente,2,0,0,0
app/configuracoes/auditoria/page.tsx,470,varredura automatizada; revisao manual integral pendente,2,0,0,1
app/configuracoes/automacoes/page.tsx,488,varredura automatizada; revisao manual integral pendente,3,2,2,0
app/configuracoes/backup/page.tsx,368,varredura automatizada; revisao manual integral pendente,0,0,0,0
app/configuracoes/bot/page.tsx,590,varredura automatizada; revisao manual integral pendente,0,0,0,0
app/configuracoes/classificacao/page.tsx,553,varredura automatizada; revisao manual integral pendente,4,1,2,1
app/configuracoes/contabilidade/page.tsx,345,varredura automatizada; revisao manual integral pendente,1,1,1,0
app/configuracoes/financeiras/taxas/page.tsx,268,varredura automatizada; revisao manual integral pendente,1,0,0,0
app/configuracoes/importacao/page.tsx,3692,varredura automatizada; revisao manual integral pendente,46,20,3,0
app/configuracoes/integracoes/page.tsx,1303,varredura automatizada; revisao manual integral pendente,4,1,1,0
app/configuracoes/modulos/page.tsx,2683,varredura automatizada e trechos citados revisados,20,7,6,2
app/configuracoes/operacoes-gerenciais/page.tsx,956,varredura automatizada; revisao manual integral pendente,0,0,0,0
app/configuracoes/page.tsx,667,varredura automatizada; revisao manual integral pendente,1,0,1,0
app/configuracoes/plano-contas/page.tsx,714,varredura automatizada; revisao manual integral pendente,0,0,0,0
app/configuracoes/rateio/page.tsx,792,varredura automatizada; revisao manual integral pendente,0,0,0,0
app/configuracoes/usuarios/page.tsx,1026,varredura automatizada; revisao manual integral pendente,3,0,0,0
app/contratos/arrendamento/page.tsx,1914,varredura automatizada; revisao manual integral pendente,18,5,6,8
app/contratos/compra-terra/page.tsx,1283,varredura automatizada; revisao manual integral pendente,9,1,4,1
app/contratos/compromissos-graos/page.tsx,434,varredura automatizada; revisao manual integral pendente,2,0,0,0
app/contratos/migrar-nf/page.tsx,429,varredura automatizada; revisao manual integral pendente,3,1,4,0
app/contratos/page.tsx,3587,varredura automatizada e trechos citados revisados,11,5,4,2
app/controller/page.tsx,314,varredura automatizada; revisao manual integral pendente,0,0,0,0
app/custos/page.tsx,922,varredura automatizada e trechos citados revisados,10,0,0,0
app/empresas/folha/page.tsx,755,varredura automatizada; revisao manual integral pendente,13,8,5,3
app/empresas/pagar/page.tsx,444,varredura automatizada; revisao manual integral pendente,1,0,0,0
app/empresas/receber/page.tsx,386,varredura automatizada; revisao manual integral pendente,0,0,0,0
app/estoque/abastecimento/page.tsx,767,varredura automatizada; revisao manual integral pendente,4,0,1,4
app/estoque/graos/page.tsx,871,varredura automatizada; revisao manual integral pendente,13,1,0,1
app/estoque/kardex/page.tsx,736,varredura automatizada; revisao manual integral pendente,6,0,1,2
app/estoque/page.tsx,3169,varredura automatizada; revisao manual integral pendente,3,1,1,4
app/estoque/romaneio-entrada/page.tsx,979,varredura automatizada; revisao manual integral pendente,2,0,0,0
app/estoque/transferencias/page.tsx,1614,varredura automatizada; revisao manual integral pendente,9,1,0,0
app/expedicao/page.tsx,1110,varredura automatizada; revisao manual integral pendente,10,1,3,0
app/financeiro/adiantamentos/page.tsx,546,varredura automatizada; revisao manual integral pendente,0,0,0,0
app/financeiro/aplicacoes/page.tsx,808,varredura automatizada; revisao manual integral pendente,4,9,4,0
app/financeiro/apoio/page.tsx,1296,varredura automatizada; revisao manual integral pendente,3,2,5,3
app/financeiro/cartoes/page.tsx,695,varredura automatizada; revisao manual integral pendente,0,0,0,0
app/financeiro/conciliacao/page.tsx,3531,varredura automatizada; revisao manual integral pendente,23,5,7,5
app/financeiro/consorcios/page.tsx,1353,varredura automatizada; revisao manual integral pendente,9,1,5,0
app/financeiro/contratos/page.tsx,2497,varredura automatizada; revisao manual integral pendente,9,1,4,1
app/financeiro/empresas/page.tsx,320,varredura automatizada; revisao manual integral pendente,3,0,0,0
app/financeiro/endividamento/page.tsx,1134,varredura automatizada; revisao manual integral pendente,4,0,0,1
app/financeiro/folha/page.tsx,1437,varredura automatizada; revisao manual integral pendente,3,0,0,2
app/financeiro/pagar/faturas/page.tsx,9,varredura automatizada; revisao manual integral pendente,0,0,0,0
app/financeiro/pagar/page.tsx,3702,varredura automatizada; revisao manual integral pendente,4,1,4,4
app/financeiro/page.tsx,2311,varredura automatizada e trechos citados revisados,0,0,0,2
app/financeiro/pendencias-nf/page.tsx,745,varredura automatizada; revisao manual integral pendente,6,1,8,0
app/financeiro/receber/page.tsx,2310,varredura automatizada; revisao manual integral pendente,1,0,3,4
app/financeiro/relatorios/page.tsx,2642,varredura automatizada; revisao manual integral pendente,2,0,0,7
app/financeiro/seguros/page.tsx,1079,varredura automatizada; revisao manual integral pendente,5,2,4,0
app/financeiro/tesouraria/mutuo/page.tsx,465,varredura automatizada; revisao manual integral pendente,3,4,3,0
app/financeiro/tesouraria/operacoes/page.tsx,279,varredura automatizada; revisao manual integral pendente,2,1,1,1
app/financeiro/tesouraria/page.tsx,588,varredura automatizada; revisao manual integral pendente,4,5,0,1
app/fiscal/esocial/page.tsx,606,varredura automatizada; revisao manual integral pendente,2,3,2,0
app/fiscal/gnre/page.tsx,466,varredura automatizada; revisao manual integral pendente,1,1,5,0
app/fiscal/manifestacao/page.tsx,11,varredura automatizada; revisao manual integral pendente,0,0,0,0
app/fiscal/page.tsx,3348,varredura automatizada; revisao manual integral pendente,8,0,0,0
app/fiscal/pendencias/page.tsx,558,varredura automatizada; revisao manual integral pendente,1,0,1,3
app/fiscal/remessas/page.tsx,378,varredura automatizada; revisao manual integral pendente,3,0,0,0
app/fiscal/sped-contabil/page.tsx,560,varredura automatizada e trechos citados revisados,3,0,0,0
app/fiscal/transferencia-maquinas/page.tsx,635,varredura automatizada; revisao manual integral pendente,2,0,0,0
app/fiscal/triangulacao/page.tsx,1030,varredura automatizada; revisao manual integral pendente,3,1,2,2
app/ibs/page.tsx,348,varredura automatizada; revisao manual integral pendente,0,0,0,0
app/lavoura/adubacao/page.tsx,374,varredura automatizada; revisao manual integral pendente,0,0,0,0
app/lavoura/aerea/page.tsx,956,varredura automatizada; revisao manual integral pendente,0,0,0,0
app/lavoura/colheita/page.tsx,1418,varredura automatizada; revisao manual integral pendente,0,0,0,0
app/lavoura/correcao/page.tsx,372,varredura automatizada; revisao manual integral pendente,0,0,0,0
app/lavoura/execucao/page.tsx,572,varredura automatizada; revisao manual integral pendente,3,2,5,0
app/lavoura/layout.tsx,229,varredura automatizada; revisao manual integral pendente,0,0,0,0
app/lavoura/page.tsx,749,varredura automatizada; revisao manual integral pendente,0,0,0,1
app/lavoura/planejamento/page.tsx,1105,varredura automatizada; revisao manual integral pendente,15,4,4,3
app/lavoura/plantio/page.tsx,413,varredura automatizada; revisao manual integral pendente,0,0,0,0
app/lavoura/pluviometria/page.tsx,650,varredura automatizada; revisao manual integral pendente,3,1,0,0
app/lavoura/pragas/page.tsx,821,varredura automatizada e trechos citados revisados,4,1,0,0
app/lavoura/pulverizacao/page.tsx,499,varredura automatizada; revisao manual integral pendente,0,0,0,0
app/lavoura/recomendacoes/page.tsx,1167,varredura automatizada; revisao manual integral pendente,10,8,6,3
app/lavoura/relatorios/aplicacoes/page.tsx,1116,varredura automatizada; revisao manual integral pendente,3,0,0,0
app/lavoura/tratamento-sementes/page.tsx,1414,varredura automatizada; revisao manual integral pendente,0,1,0,0
app/layout.tsx,77,varredura automatizada; revisao manual integral pendente,0,0,0,0
app/lcdpr/page.tsx,1717,varredura automatizada e trechos citados revisados,9,0,1,2
app/learning/page.tsx,642,varredura automatizada; revisao manual integral pendente,0,0,0,1
app/login/page.tsx,311,varredura automatizada; revisao manual integral pendente,0,0,0,0
app/manifest.ts,50,varredura automatizada; revisao manual integral pendente,0,0,0,0
app/mapa/page.tsx,374,varredura automatizada; revisao manual integral pendente,3,0,1,0
app/offline/page.tsx,98,varredura automatizada; revisao manual integral pendente,0,0,0,0
app/pagamento/page.tsx,350,varredura automatizada; revisao manual integral pendente,2,0,0,0
app/page.tsx,827,varredura automatizada; revisao manual integral pendente,17,0,1,0
app/parcerias/page.tsx,1320,varredura automatizada; revisao manual integral pendente,19,7,2,5
app/pendencias/operacionais/page.tsx,632,varredura automatizada; revisao manual integral pendente,3,0,0,0
app/planos/page.tsx,231,varredura automatizada; revisao manual integral pendente,0,0,0,0
app/propriedades/page.tsx,215,varredura automatizada; revisao manual integral pendente,0,0,0,1
app/raccotlo/page.tsx,147,varredura automatizada; revisao manual integral pendente,0,0,0,0
app/relatorios/dre/page.tsx,954,varredura automatizada e trechos citados revisados,27,0,0,0
app/relatorios/financeiro-classificacao/page.tsx,827,varredura automatizada; revisao manual integral pendente,4,0,0,3
app/relatorios/manutencao/page.tsx,554,varredura automatizada; revisao manual integral pendente,1,0,0,1
app/relatorios/romaneios/page.tsx,534,varredura automatizada; revisao manual integral pendente,2,0,0,1
app/seletor-cliente/page.tsx,237,varredura automatizada; revisao manual integral pendente,0,0,0,0
app/suporte/page.tsx,444,varredura automatizada; revisao manual integral pendente,0,0,0,0
app/transporte/acerto-frete/page.tsx,593,varredura automatizada; revisao manual integral pendente,9,4,2,1
app/transporte/cadastros/page.tsx,735,varredura automatizada; revisao manual integral pendente,4,4,3,0
app/transporte/cte/page.tsx,2341,varredura automatizada; revisao manual integral pendente,15,2,0,0
app/transporte/mdfe/page.tsx,1590,varredura automatizada; revisao manual integral pendente,10,1,2,0
campo-app/app/(tabs)/_layout.tsx,56,varredura automatizada; revisao manual integral pendente,0,0,0,0
campo-app/app/(tabs)/abastecimento.tsx,446,varredura automatizada; revisao manual integral pendente,5,2,0,0
campo-app/app/(tabs)/colheita.tsx,405,varredura automatizada; revisao manual integral pendente,6,2,0,0
campo-app/app/(tabs)/index.tsx,319,varredura automatizada; revisao manual integral pendente,4,0,0,0
campo-app/app/(tabs)/mapa.tsx,345,varredura automatizada; revisao manual integral pendente,1,0,0,0
campo-app/app/(tabs)/monitoramento.tsx,373,varredura automatizada; revisao manual integral pendente,3,0,0,0
campo-app/app/(tabs)/plantio.tsx,327,varredura automatizada; revisao manual integral pendente,5,2,0,0
campo-app/app/(tabs)/pluviometria.tsx,315,varredura automatizada; revisao manual integral pendente,2,0,0,0
campo-app/app/(tabs)/pulverizacao.tsx,477,varredura automatizada; revisao manual integral pendente,5,2,0,0
campo-app/app/_layout.tsx,37,varredura automatizada; revisao manual integral pendente,0,0,0,0
campo-app/app/login.tsx,108,varredura automatizada; revisao manual integral pendente,0,0,0,0
campo-app/babel.config.js,6,varredura automatizada; revisao manual integral pendente,0,0,0,0
campo-app/constants/colors.ts,22,varredura automatizada; revisao manual integral pendente,0,0,0,0
campo-app/constants/theme.ts,108,varredura automatizada; revisao manual integral pendente,0,0,0,0
campo-app/expo-env.d.ts,3,varredura automatizada; revisao manual integral pendente,0,0,0,0
campo-app/lib/auth.tsx,126,varredura automatizada; revisao manual integral pendente,3,0,1,0
campo-app/lib/date.ts,29,varredura automatizada; revisao manual integral pendente,0,0,0,0
campo-app/lib/offline.ts,70,varredura automatizada e trechos citados revisados,0,2,0,0
campo-app/lib/storage.ts,42,varredura automatizada; revisao manual integral pendente,0,0,0,0
campo-app/lib/supabase.ts,154,varredura automatizada; revisao manual integral pendente,0,0,0,0
campo-app/metro.config.js,13,varredura automatizada; revisao manual integral pendente,0,0,0,0
components/AnexoDocumentos.tsx,254,varredura automatizada; revisao manual integral pendente,0,0,0,0
components/AuthProvider.tsx,656,varredura automatizada e trechos citados revisados,10,0,1,0
components/BaixaEmpresaModal.tsx,111,varredura automatizada; revisao manual integral pendente,0,0,0,0
components/BalancaSerial.tsx,374,varredura automatizada; revisao manual integral pendente,0,0,0,4
components/BannerInadimplente.tsx,45,varredura automatizada; revisao manual integral pendente,0,0,0,0
components/CascadeSelector.tsx,301,varredura automatizada; revisao manual integral pendente,5,0,0,0
components/ConcederFeriasModal.tsx,93,varredura automatizada; revisao manual integral pendente,0,0,0,0
components/ConciliacaoOfxInfo.tsx,51,varredura automatizada; revisao manual integral pendente,1,0,0,0
components/ContextMenuColunas.tsx,215,varredura automatizada; revisao manual integral pendente,0,0,0,0
components/FazendaSelector.tsx,55,varredura automatizada; revisao manual integral pendente,1,0,0,0
components/Footer.tsx,36,varredura automatizada; revisao manual integral pendente,0,0,0,0
components/InputMonetario.tsx,76,varredura automatizada; revisao manual integral pendente,0,0,0,0
components/InputNumerico.tsx,93,varredura automatizada; revisao manual integral pendente,0,0,0,0
components/MapaLeaflet.tsx,204,varredura automatizada; revisao manual integral pendente,0,0,0,0
components/OnboardingPanel.tsx,182,varredura automatizada; revisao manual integral pendente,0,0,0,0
components/PlanoGate.tsx,215,varredura automatizada; revisao manual integral pendente,0,0,0,0
components/ProdutorCombo.tsx,150,varredura automatizada; revisao manual integral pendente,0,0,0,0
components/ReprogramarEmpresaModal.tsx,59,varredura automatizada; revisao manual integral pendente,0,0,0,0
components/RescisaoFuncionario.tsx,172,varredura automatizada; revisao manual integral pendente,0,0,0,0
components/SelectBusca.tsx,184,varredura automatizada; revisao manual integral pendente,0,0,0,0
components/Sidebar.tsx,274,varredura automatizada e trechos citados revisados,1,0,0,1
components/SidebarAtalhos.tsx,370,varredura automatizada; revisao manual integral pendente,0,0,0,0
components/SiegManifestacao.tsx,370,varredura automatizada; revisao manual integral pendente,4,0,0,0
components/TicketBalanca.tsx,283,varredura automatizada; revisao manual integral pendente,0,0,0,0
components/TopNav.tsx,1144,varredura automatizada e trechos citados revisados,4,0,0,0
components/VersionChecker.tsx,5,varredura automatizada; revisao manual integral pendente,0,0,0,0
components/campo/SyncButton.tsx,167,varredura automatizada; revisao manual integral pendente,0,0,0,0
hooks/useColumnResize.tsx,101,varredura automatizada; revisao manual integral pendente,0,0,0,0
hooks/useColunasGrid.ts,93,varredura automatizada; revisao manual integral pendente,0,0,0,0
hooks/useTheme.ts,42,varredura automatizada; revisao manual integral pendente,0,0,0,0
lib/ai-classificador.ts,172,varredura automatizada; revisao manual integral pendente,2,0,0,0
lib/antt/certificado.ts,23,varredura automatizada; revisao manual integral pendente,0,0,0,0
lib/antt/ciot.ts,221,varredura automatizada; revisao manual integral pendente,0,0,0,0
lib/antt/validacao.test.ts,59,varredura automatizada; revisao manual integral pendente,0,0,0,0
lib/antt/validacao.ts,131,varredura automatizada; revisao manual integral pendente,0,0,0,0
lib/api-auth.ts,119,varredura automatizada e trechos citados revisados,3,0,0,0
lib/asaas.ts,130,varredura automatizada; revisao manual integral pendente,0,0,0,0
lib/bpmn-flows.ts,494,varredura automatizada; revisao manual integral pendente,0,0,0,0
lib/cache.ts,35,varredura automatizada; revisao manual integral pendente,0,0,0,1
lib/campo-operador.ts,42,varredura automatizada; revisao manual integral pendente,0,0,0,0
lib/cfop-imobilizado.ts,13,varredura automatizada; revisao manual integral pendente,0,0,0,0
lib/conciliacao-match.ts,194,varredura automatizada; revisao manual integral pendente,0,0,0,0
lib/conciliacao-tenant.ts,31,varredura automatizada; revisao manual integral pendente,2,0,0,0
lib/controller-checks.ts,152,varredura automatizada; revisao manual integral pendente,5,0,0,0
lib/criarClienteCompleto.ts,268,varredura automatizada; revisao manual integral pendente,4,5,2,0
lib/cte/builder.ts,469,varredura automatizada; revisao manual integral pendente,0,0,0,0
lib/cte/config.ts,192,varredura automatizada; revisao manual integral pendente,7,0,0,0
lib/cte/distribuicao.ts,176,varredura automatizada; revisao manual integral pendente,0,0,0,0
lib/cte/evento.ts,95,varredura automatizada; revisao manual integral pendente,0,0,0,0
lib/cte/financeiro.ts,140,varredura automatizada; revisao manual integral pendente,16,3,2,0
lib/cte/index.ts,421,varredura automatizada e trechos citados revisados,0,0,5,0
lib/cte/signer.ts,53,varredura automatizada; revisao manual integral pendente,0,0,0,0
lib/cte/transmitter.ts,564,varredura automatizada; revisao manual integral pendente,0,0,0,0
lib/db.ts,7363,varredura automatizada e trechos citados revisados,386,149,137,115
lib/extrair-cedula.ts,290,varredura automatizada; revisao manual integral pendente,0,0,0,0
lib/extrair-consorcio.ts,194,varredura automatizada; revisao manual integral pendente,0,0,0,0
lib/extrair-contrato-venda.ts,219,varredura automatizada; revisao manual integral pendente,0,0,0,0
lib/extrair-pedido-compra.ts,180,varredura automatizada; revisao manual integral pendente,0,0,0,0
lib/folha-calculo.ts,49,varredura automatizada; revisao manual integral pendente,0,0,0,0
lib/learning-content.ts,1462,varredura automatizada; revisao manual integral pendente,0,0,0,0
lib/mdfe/builder.test.ts,65,varredura automatizada; revisao manual integral pendente,0,0,0,0
lib/mdfe/builder.ts,361,varredura automatizada; revisao manual integral pendente,0,0,0,0
lib/mdfe/cancelamento.ts,79,varredura automatizada; revisao manual integral pendente,0,0,0,0
lib/mdfe/ciot-regra.ts,15,varredura automatizada; revisao manual integral pendente,0,0,0,0
lib/mdfe/config.ts,184,varredura automatizada; revisao manual integral pendente,6,0,0,0
lib/mdfe/encerramento.ts,109,varredura automatizada; revisao manual integral pendente,0,0,0,0
lib/mdfe/index.ts,444,varredura automatizada; revisao manual integral pendente,8,0,2,0
lib/mdfe/produto.ts,26,varredura automatizada; revisao manual integral pendente,0,0,0,0
lib/mdfe/signer.ts,51,varredura automatizada; revisao manual integral pendente,0,0,0,0
lib/mdfe/transmitter.ts,162,varredura automatizada; revisao manual integral pendente,0,0,0,0
lib/nfe/builder.ts,767,varredura automatizada; revisao manual integral pendente,0,0,0,0
lib/nfe/consulta-cadastro.ts,167,varredura automatizada; revisao manual integral pendente,0,0,0,0
lib/nfe/cst-por-cfop.ts,24,varredura automatizada; revisao manual integral pendente,0,0,0,0
lib/nfe/destinatario-transferencia.test.ts,32,varredura automatizada; revisao manual integral pendente,0,0,0,0
lib/nfe/destinatario-transferencia.ts,51,varredura automatizada; revisao manual integral pendente,0,0,0,0
lib/nfe/evento.ts,237,varredura automatizada; revisao manual integral pendente,0,0,0,0
lib/nfe/identidade-fiscal.ts,49,varredura automatizada; revisao manual integral pendente,0,0,0,0
lib/nfe/index.ts,877,varredura automatizada e trechos citados revisados,24,0,3,0
lib/nfe/resolver-emitente.ts,133,varredura automatizada; revisao manual integral pendente,9,0,0,0
lib/nfe/signer.ts,114,varredura automatizada; revisao manual integral pendente,0,0,0,0
lib/nfe/transmitter.ts,469,varredura automatizada; revisao manual integral pendente,0,0,0,0
lib/offline-store.ts,70,varredura automatizada; revisao manual integral pendente,0,0,0,0
lib/onboarding.ts,185,varredura automatizada; revisao manual integral pendente,7,0,0,0
lib/operacoes-fiscais.ts,132,varredura automatizada; revisao manual integral pendente,1,0,0,0
lib/planoContas.ts,301,varredura automatizada; revisao manual integral pendente,0,0,0,0
lib/planos.ts,121,varredura automatizada; revisao manual integral pendente,0,0,0,0
lib/print.ts,215,varredura automatizada; revisao manual integral pendente,0,0,0,0
lib/raccotlo-auth.ts,27,varredura automatizada; revisao manual integral pendente,0,0,0,0
lib/rh-financeiro.ts,225,varredura automatizada; revisao manual integral pendente,3,1,6,1
lib/seedOperacoesGerenciais.ts,2716,varredura automatizada; revisao manual integral pendente,1,3,0,3
lib/sefaz-consulta.ts,332,varredura automatizada; revisao manual integral pendente,3,0,0,0
lib/sieg.ts,465,varredura automatizada; revisao manual integral pendente,0,0,0,0
lib/supabase.ts,2888,varredura automatizada; revisao manual integral pendente,0,0,0,0
lib/suporte-manual.ts,1407,varredura automatizada; revisao manual integral pendente,0,0,0,0
lib/whatsapp-ai.ts,156,varredura automatizada; revisao manual integral pendente,0,0,0,0
lib/whatsapp-claude.ts,933,varredura automatizada; revisao manual integral pendente,0,0,0,0
lib/whatsapp-consultas.ts,291,varredura automatizada; revisao manual integral pendente,20,0,0,0
lib/whatsapp-evolution.ts,70,varredura automatizada; revisao manual integral pendente,0,0,0,0
lib/whatsapp-flows.ts,316,varredura automatizada; revisao manual integral pendente,1,0,1,0
lib/whatsapp-inserir.ts,2598,varredura automatizada; revisao manual integral pendente,81,55,11,0
lib/whatsapp-zapi.ts,33,varredura automatizada; revisao manual integral pendente,0,0,0,0
next.config.ts,39,varredura automatizada e trechos citados revisados,0,0,0,0
proxy.ts,65,varredura automatizada e trechos citados revisados,0,0,0,0
supabase/functions/cte-transmit/index.ts,304,varredura automatizada; revisao manual integral pendente,0,0,0,0
supabase/schema.sql,308,varredura automatizada e trechos citados revisados,0,0,0,0
supabase/seed.sql,340,varredura automatizada; revisao manual integral pendente,0,0,0,0
supabase_migrations.sql,13987,varredura automatizada e trechos citados revisados,0,0,0,0
