arquivo,linha,coluna,severidade,regra
app/admin/clientes/novo/page.tsx,86,10,aviso,@typescript-eslint/no-unused-vars
app/admin/clientes/novo/page.tsx,86,24,aviso,@typescript-eslint/no-unused-vars
app/admin/clientes/novo/page.tsx,265,9,erro,@next/next/no-html-link-for-pages
app/admin/clientes/novo/page.tsx,393,9,erro,@next/next/no-html-link-for-pages
app/admin/clientes/page.tsx,5,10,aviso,@typescript-eslint/no-unused-vars
app/admin/clientes/page.tsx,13,7,aviso,@typescript-eslint/no-unused-vars
app/admin/cp-produtor/page.tsx,51,10,aviso,@typescript-eslint/no-unused-vars
app/admin/dados/page.tsx,168,26,erro,react-hooks/rules-of-hooks
app/admin/dados/page.tsx,194,3,erro,react-hooks/rules-of-hooks
app/admin/faturamento/page.tsx,393,21,erro,react-hooks/set-state-in-effect
app/admin/faturamento/page.tsx,498,28,aviso,@typescript-eslint/no-unused-vars
app/admin/identidade/page.tsx,212,17,aviso,@next/next/no-img-element
app/admin/layout.tsx,54,26,erro,react-hooks/set-state-in-effect
app/admin/layout.tsx,91,13,aviso,@next/next/no-img-element
app/admin/logs/page.tsx,92,5,erro,react-hooks/set-state-in-effect
app/admin/manual/page.tsx,345,98,erro,react/no-unescaped-entities
app/admin/manual/page.tsx,345,117,erro,react/no-unescaped-entities
app/admin/manual/page.tsx,358,49,erro,react/no-unescaped-entities
app/admin/manual/page.tsx,358,68,erro,react/no-unescaped-entities
app/admin/manual/page.tsx,506,164,erro,react/no-unescaped-entities
app/admin/manual/page.tsx,506,241,erro,react/no-unescaped-entities
app/admin/manual/page.tsx,544,120,erro,react/no-unescaped-entities
app/admin/manual/page.tsx,544,142,erro,react/no-unescaped-entities
app/admin/manual/page.tsx,544,157,erro,react/no-unescaped-entities
app/admin/manual/page.tsx,544,188,erro,react/no-unescaped-entities
app/admin/manual/page.tsx,545,37,erro,react/no-unescaped-entities
app/admin/manual/page.tsx,545,57,erro,react/no-unescaped-entities
app/admin/manual/page.tsx,585,122,erro,react/no-unescaped-entities
app/admin/manual/page.tsx,585,148,erro,react/no-unescaped-entities
app/admin/manual/page.tsx,627,53,erro,react/no-unescaped-entities
app/admin/manual/page.tsx,627,69,erro,react/no-unescaped-entities
app/admin/manual/page.tsx,627,76,erro,react/no-unescaped-entities
app/admin/manual/page.tsx,627,89,erro,react/no-unescaped-entities
app/admin/manual/page.tsx,632,46,erro,react/no-unescaped-entities
app/admin/manual/page.tsx,632,71,erro,react/no-unescaped-entities
app/admin/manual/page.tsx,642,73,erro,react/no-unescaped-entities
app/admin/manual/page.tsx,642,82,erro,react/no-unescaped-entities
app/admin/onboarding/page.tsx,82,6,aviso,react-hooks/exhaustive-deps
app/admin/onboarding/page.tsx,345,29,erro,react/no-unescaped-entities
app/admin/onboarding/page.tsx,345,63,erro,react/no-unescaped-entities
app/admin/padroes/page.tsx,66,10,aviso,@typescript-eslint/no-unused-vars
app/admin/padroes/page.tsx,66,23,aviso,@typescript-eslint/no-unused-vars
app/admin/page.tsx,660,13,erro,@next/next/no-html-link-for-pages
app/admin/page.tsx,720,57,erro,react/no-unescaped-entities
app/admin/page.tsx,720,73,erro,react/no-unescaped-entities
app/admin/page.tsx,721,13,erro,@next/next/no-html-link-for-pages
app/admin/parceiros/page.tsx,53,9,erro,prefer-const
app/admin/usuarios/page.tsx,188,10,aviso,@typescript-eslint/no-unused-vars
app/admin/usuarios/page.tsx,303,22,aviso,@typescript-eslint/no-unused-vars
app/admin/usuarios/page.tsx,304,10,aviso,@typescript-eslint/no-unused-vars
app/admin/usuarios/page.tsx,310,10,aviso,@typescript-eslint/no-unused-vars
app/admin/usuarios/page.tsx,326,9,aviso,@typescript-eslint/no-unused-vars
app/admin/usuarios/page.tsx,342,14,aviso,@typescript-eslint/no-unused-vars
app/admin/usuarios/page.tsx,347,18,aviso,@typescript-eslint/no-unused-vars
app/admin/usuarios/page.tsx,354,10,aviso,@typescript-eslint/no-unused-vars
app/admin/usuarios/page.tsx,354,22,aviso,@typescript-eslint/no-unused-vars
app/admin/usuarios/page.tsx,355,10,aviso,@typescript-eslint/no-unused-vars
app/admin/usuarios/page.tsx,355,21,aviso,@typescript-eslint/no-unused-vars
app/admin/usuarios/page.tsx,357,10,aviso,@typescript-eslint/no-unused-vars
app/admin/usuarios/page.tsx,417,21,erro,react-hooks/set-state-in-effect
app/admin/usuarios/page.tsx,417,47,aviso,
app/admin/usuarios/page.tsx,420,10,aviso,@typescript-eslint/no-unused-vars
app/admin/usuarios/page.tsx,421,9,aviso,@typescript-eslint/no-unused-vars
app/admin/usuarios/page.tsx,434,171,erro,@typescript-eslint/no-explicit-any
app/admin/usuarios/page.tsx,434,211,erro,@typescript-eslint/no-explicit-any
app/admin/usuarios/page.tsx,518,54,erro,@typescript-eslint/no-explicit-any
app/admin/usuarios/page.tsx,538,9,aviso,@typescript-eslint/no-unused-vars
app/admin/usuarios/page.tsx,638,41,erro,@typescript-eslint/no-explicit-any
app/algodao/page.tsx,140,31,aviso,@typescript-eslint/no-unused-vars
app/algodao/page.tsx,140,43,aviso,@typescript-eslint/no-unused-vars
app/algodao/page.tsx,212,6,aviso,react-hooks/exhaustive-deps
app/algodao/page.tsx,216,37,erro,react-hooks/preserve-manual-memoization
app/algodao/page.tsx,274,21,erro,react-hooks/set-state-in-effect
app/algodao/page.tsx,287,85,erro,react-hooks/set-state-in-effect
app/alterar-senha/page.tsx,12,9,aviso,@typescript-eslint/no-unused-vars
app/alterar-senha/page.tsx,42,11,aviso,@next/next/no-img-element
app/api/admin/backups-storage/route.ts,16,27,aviso,@typescript-eslint/no-unused-vars
app/api/admin/listar-clientes-admin/route.ts,63,7,erro,prefer-const
app/api/agente/implantar/route.ts,484,7,erro,prefer-const
app/api/antt/ciot/route.ts,136,13,erro,prefer-const
app/api/cadastro/route.ts,3,56,aviso,@typescript-eslint/no-unused-vars
app/api/cadastro/route.ts,99,19,aviso,@typescript-eslint/no-unused-vars
app/api/cadastro/route.ts,158,9,aviso,@typescript-eslint/no-unused-vars
app/api/campo/transferencia-acao/route.ts,1,24,aviso,@typescript-eslint/no-unused-vars
app/api/campo/transferencia-acao/route.ts,624,15,aviso,@typescript-eslint/no-unused-vars
app/api/campo/transferencia-acao/route.ts,624,29,aviso,@typescript-eslint/no-unused-vars
app/api/campo/transferencia-acao/route.ts,624,52,aviso,@typescript-eslint/no-unused-vars
app/api/campo/transferencia-acao/route.ts,624,70,aviso,@typescript-eslint/no-unused-vars
app/api/cron/relatorio-semanal/route.ts,133,19,aviso,@typescript-eslint/no-unused-vars
app/api/fiscal/status-sefaz/route.ts,94,5,erro,prefer-const
app/api/fiscal/status-sefaz/route.ts,95,5,erro,prefer-const
app/api/fiscal/status-sefaz/route.ts,114,5,erro,prefer-const
app/api/fiscal/status-sefaz/route.ts,115,5,erro,prefer-const
app/api/folha/salvar/route.ts,51,45,erro,@typescript-eslint/no-explicit-any
app/api/folha/salvar/route.ts,52,11,erro,prefer-const
app/api/folha/salvar/route.ts,58,38,erro,@typescript-eslint/no-explicit-any
app/api/folha/salvar/route.ts,62,43,erro,@typescript-eslint/no-explicit-any
app/api/folha/salvar/route.ts,87,33,erro,prefer-const
app/api/folha/salvar/route.ts,195,55,erro,@typescript-eslint/no-explicit-any
app/api/folha/salvar/route.ts,196,68,erro,@typescript-eslint/no-explicit-any
app/api/folha/salvar/route.ts,197,68,erro,@typescript-eslint/no-explicit-any
app/api/folha/salvar/route.ts,242,22,erro,@typescript-eslint/no-explicit-any
app/api/folha/salvar/route.ts,243,19,erro,@typescript-eslint/no-explicit-any
app/api/folha/salvar/route.ts,284,33,erro,@typescript-eslint/no-explicit-any
app/api/folha/salvar/route.ts,285,36,erro,@typescript-eslint/no-explicit-any
app/api/folha/salvar/route.ts,289,34,erro,@typescript-eslint/no-explicit-any
app/api/folha/salvar/route.ts,301,50,erro,@typescript-eslint/no-explicit-any
app/api/folha/salvar/route.ts,319,45,erro,@typescript-eslint/no-explicit-any
app/api/folha/salvar/route.ts,351,37,erro,@typescript-eslint/no-explicit-any
app/api/folha/salvar/route.ts,352,40,erro,@typescript-eslint/no-explicit-any
app/api/folha/salvar/route.ts,354,34,erro,@typescript-eslint/no-explicit-any
app/api/folha/salvar/route.ts,361,50,erro,@typescript-eslint/no-explicit-any
app/api/folha/salvar/route.ts,367,45,erro,@typescript-eslint/no-explicit-any
app/api/folha/salvar/route.ts,392,45,erro,@typescript-eslint/no-explicit-any
app/api/folha/salvar/route.ts,419,116,erro,@typescript-eslint/no-explicit-any
app/api/folha/salvar/route.ts,443,108,erro,@typescript-eslint/no-explicit-any
app/api/folha/salvar/route.ts,492,91,erro,@typescript-eslint/no-explicit-any
app/api/folha/salvar/route.ts,503,83,erro,@typescript-eslint/no-explicit-any
app/api/integracoes/sieg-sync-nfse/route.ts,8,10,aviso,@typescript-eslint/no-unused-vars
app/api/integracoes/sieg-sync/route.ts,161,23,aviso,@typescript-eslint/no-unused-vars
app/api/saas/route.ts,116,117,aviso,@typescript-eslint/no-unused-vars
app/api/whatsapp/webhook/route.ts,4,28,aviso,@typescript-eslint/no-unused-vars
app/api/whatsapp/webhook/route.ts,225,9,erro,prefer-const
app/api/whatsapp/webhook/route.ts,225,20,erro,prefer-const
app/auditoria/classificacao/page.tsx,71,34,aviso,@typescript-eslint/no-unused-vars
app/auth/nova-senha/page.tsx,69,11,aviso,@next/next/no-img-element
app/balanca/pesagem-avulsa/page.tsx,272,82,erro,react/no-unescaped-entities
app/balanca/pesagem-avulsa/page.tsx,272,91,erro,react/no-unescaped-entities
app/balanca/pesagem-avulsa/page.tsx,324,6,aviso,react-hooks/exhaustive-deps
app/balanca/pesagem-avulsa/page.tsx,326,21,erro,react-hooks/set-state-in-effect
app/balanca/pesagem-avulsa/page.tsx,819,18,erro,react-hooks/static-components
app/balanca/pesagem-avulsa/page.tsx,890,77,erro,react-hooks/static-components
app/bi/page.tsx,108,10,aviso,@typescript-eslint/no-unused-vars
app/bi/page.tsx,113,10,aviso,@typescript-eslint/no-unused-vars
app/bi/page.tsx,295,7,aviso,@typescript-eslint/no-unused-vars
app/bi/page.tsx,296,7,aviso,@typescript-eslint/no-unused-vars
app/bi/page.tsx,297,7,aviso,@typescript-eslint/no-unused-vars
app/bi/page.tsx,298,7,aviso,@typescript-eslint/no-unused-vars
app/bi/page.tsx,324,10,aviso,@typescript-eslint/no-unused-vars
app/bi/page.tsx,325,10,aviso,@typescript-eslint/no-unused-vars
app/bi/page.tsx,326,10,aviso,@typescript-eslint/no-unused-vars
app/bi/page.tsx,327,10,aviso,@typescript-eslint/no-unused-vars
app/bi/page.tsx,327,29,aviso,@typescript-eslint/no-unused-vars
app/bi/page.tsx,328,10,aviso,@typescript-eslint/no-unused-vars
app/bi/page.tsx,328,29,aviso,@typescript-eslint/no-unused-vars
app/bi/page.tsx,329,10,aviso,@typescript-eslint/no-unused-vars
app/bi/page.tsx,329,29,aviso,@typescript-eslint/no-unused-vars
app/bi/page.tsx,334,10,aviso,@typescript-eslint/no-unused-vars
app/bi/page.tsx,334,28,aviso,@typescript-eslint/no-unused-vars
app/bi/page.tsx,390,10,aviso,@typescript-eslint/no-unused-vars
app/bi/page.tsx,470,6,aviso,react-hooks/exhaustive-deps
app/bi/page.tsx,479,74,aviso,@typescript-eslint/no-unused-vars
app/bi/page.tsx,531,31,erro,@typescript-eslint/no-explicit-any
app/bi/page.tsx,542,55,erro,@typescript-eslint/no-explicit-any
app/bi/page.tsx,542,93,erro,@typescript-eslint/no-explicit-any
app/bi/page.tsx,596,6,aviso,react-hooks/exhaustive-deps
app/bi/page.tsx,629,6,aviso,react-hooks/exhaustive-deps
app/bi/page.tsx,635,18,aviso,@typescript-eslint/no-unused-vars
app/bi/page.tsx,649,18,aviso,@typescript-eslint/no-unused-vars
app/bi/page.tsx,654,18,aviso,@typescript-eslint/no-unused-vars
app/bi/page.tsx,822,100,erro,@typescript-eslint/no-explicit-any
app/bi/page.tsx,824,42,erro,@typescript-eslint/no-explicit-any
app/bi/page.tsx,926,9,aviso,@typescript-eslint/no-unused-vars
app/bi/page.tsx,1005,9,aviso,@typescript-eslint/no-unused-vars
app/bi/page.tsx,3495,67,aviso,@typescript-eslint/no-unused-vars
app/bi/page.tsx,4211,17,aviso,@typescript-eslint/no-unused-vars
app/bi/page.tsx,5046,94,aviso,@typescript-eslint/no-unused-expressions
app/bi/page.tsx,5091,179,erro,@typescript-eslint/no-explicit-any
app/bi/page.tsx,5091,202,erro,@typescript-eslint/no-explicit-any
app/bi/page.tsx,5092,48,erro,@typescript-eslint/no-explicit-any
app/bi/page.tsx,5092,137,erro,@typescript-eslint/no-explicit-any
app/bi/page.tsx,5094,189,erro,@typescript-eslint/no-explicit-any
app/bi/page.tsx,5096,143,erro,@typescript-eslint/no-explicit-any
app/bi/page.tsx,5096,205,erro,@typescript-eslint/no-explicit-any
app/bi/page.tsx,5096,269,erro,@typescript-eslint/no-explicit-any
app/bi/page.tsx,5160,92,aviso,@typescript-eslint/no-unused-expressions
app/bi/page.tsx,5204,112,aviso,@typescript-eslint/no-unused-expressions
app/bi/page.tsx,5229,47,aviso,@typescript-eslint/no-unused-expressions
app/bi/page.tsx,5383,28,erro,react/jsx-key
app/bi/page.tsx,5398,17,erro,@next/next/no-html-link-for-pages
app/bi/page.tsx,5695,21,erro,@next/next/no-html-link-for-pages
app/bpo/admin/page.tsx,102,6,aviso,react-hooks/exhaustive-deps
app/bpo/admin/page.tsx,106,6,aviso,react-hooks/exhaustive-deps
app/bpo/admin/page.tsx,343,64,erro,react/no-unescaped-entities
app/bpo/admin/page.tsx,343,79,erro,react/no-unescaped-entities
app/bpo/seletor-cliente/page.tsx,40,26,erro,react-hooks/set-state-in-effect
app/bpo/seletor-cliente/page.tsx,58,5,erro,react-hooks/set-state-in-effect
app/bpo/seletor-cliente/page.tsx,92,23,aviso,@next/next/no-img-element
app/bpo/seletor-cliente/page.tsx,172,21,aviso,@next/next/no-img-element
app/cadastro/page.tsx,2,20,aviso,@typescript-eslint/no-unused-vars
app/cadastros/page.tsx,9,3,aviso,@typescript-eslint/no-unused-vars
app/cadastros/page.tsx,13,3,aviso,@typescript-eslint/no-unused-vars
app/cadastros/page.tsx,22,3,aviso,@typescript-eslint/no-unused-vars
app/cadastros/page.tsx,23,3,aviso,@typescript-eslint/no-unused-vars
app/cadastros/page.tsx,31,3,aviso,@typescript-eslint/no-unused-vars
app/cadastros/page.tsx,31,22,aviso,@typescript-eslint/no-unused-vars
app/cadastros/page.tsx,32,3,aviso,@typescript-eslint/no-unused-vars
app/cadastros/page.tsx,33,3,aviso,@typescript-eslint/no-unused-vars
app/cadastros/page.tsx,35,3,aviso,@typescript-eslint/no-unused-vars
app/cadastros/page.tsx,61,20,aviso,@typescript-eslint/no-unused-vars
app/cadastros/page.tsx,213,10,aviso,@typescript-eslint/no-unused-vars
app/cadastros/page.tsx,252,37,aviso,@typescript-eslint/no-unused-vars
app/cadastros/page.tsx,358,10,aviso,@typescript-eslint/no-unused-vars
app/cadastros/page.tsx,450,17,aviso,@typescript-eslint/no-unused-vars
app/cadastros/page.tsx,451,24,aviso,@typescript-eslint/no-unused-vars
app/cadastros/page.tsx,452,10,aviso,@typescript-eslint/no-unused-vars
app/cadastros/page.tsx,862,6,aviso,react-hooks/exhaustive-deps
app/cadastros/page.tsx,873,35,aviso,
app/cadastros/page.tsx,903,35,aviso,
app/cadastros/page.tsx,907,53,aviso,@typescript-eslint/no-unused-expressions
app/cadastros/page.tsx,1764,7,aviso,@typescript-eslint/no-unused-vars
app/cadastros/page.tsx,2357,9,aviso,@typescript-eslint/no-unused-vars
app/cadastros/page.tsx,2372,18,aviso,@typescript-eslint/no-unused-vars
app/cadastros/page.tsx,3094,94,aviso,@typescript-eslint/no-unused-expressions
app/cadastros/page.tsx,3114,27,erro,@next/next/no-html-link-for-pages
app/cadastros/page.tsx,3609,39,aviso,@typescript-eslint/no-unused-vars
app/cadastros/page.tsx,3612,145,aviso,@typescript-eslint/no-unused-expressions
app/cadastros/page.tsx,4423,171,erro,react/no-unescaped-entities
app/cadastros/page.tsx,4423,187,erro,react/no-unescaped-entities
app/cadastros/page.tsx,4649,64,erro,react/no-unescaped-entities
app/cadastros/page.tsx,4649,88,erro,react/no-unescaped-entities
app/cadastros/page.tsx,4848,19,aviso,@typescript-eslint/no-unused-vars
app/cadastros/page.tsx,4849,19,aviso,@typescript-eslint/no-unused-vars
app/cadastros/page.tsx,5085,94,erro,react/no-unescaped-entities
app/cadastros/page.tsx,5085,98,erro,react/no-unescaped-entities
app/cadastros/page.tsx,5599,52,aviso,@next/next/no-img-element
app/cadastros/page.tsx,5716,33,aviso,@next/next/no-img-element
app/cadastros/page.tsx,5981,95,erro,react/no-unescaped-entities
app/cadastros/page.tsx,5981,121,erro,react/no-unescaped-entities
app/cadastros/page.tsx,6655,79,erro,react/no-unescaped-entities
app/cadastros/page.tsx,6655,96,erro,react/no-unescaped-entities
app/cadastros/page.tsx,6942,63,erro,react/no-unescaped-entities
app/cadastros/page.tsx,6942,76,erro,react/no-unescaped-entities
app/cadastros/page.tsx,7167,32,aviso,@typescript-eslint/no-unused-vars
app/cadastros/page.tsx,7612,15,aviso,@typescript-eslint/no-unused-vars
app/cadastros/page.tsx,7763,194,erro,react/no-unescaped-entities
app/cadastros/page.tsx,7763,206,erro,react/no-unescaped-entities
app/cadastros/page.tsx,7782,54,erro,react/no-unescaped-entities
app/cadastros/page.tsx,7782,70,erro,react/no-unescaped-entities
app/cadastros/page.tsx,7862,55,erro,react/no-unescaped-entities
app/cadastros/page.tsx,7862,72,erro,react/no-unescaped-entities
app/cadastros/page.tsx,7938,54,erro,react/no-unescaped-entities
app/cadastros/page.tsx,7938,70,erro,react/no-unescaped-entities
app/cadastros/page.tsx,8031,55,erro,react/no-unescaped-entities
app/cadastros/page.tsx,8031,72,erro,react/no-unescaped-entities
app/cadastros/page.tsx,8294,104,erro,react/no-unescaped-entities
app/cadastros/page.tsx,8294,124,erro,react/no-unescaped-entities
app/cadastros/page.tsx,9802,38,aviso,@typescript-eslint/no-unused-vars
app/cadastros/page.tsx,11054,19,erro,@next/next/no-html-link-for-pages
app/cadastros/page.tsx,11132,86,erro,@typescript-eslint/no-explicit-any
app/campo/CampoLayoutClient.tsx,38,21,erro,react-hooks/set-state-in-effect
app/campo/CampoLayoutClient.tsx,45,11,aviso,@next/next/no-img-element
app/campo/CampoLayoutClient.tsx,62,11,aviso,@next/next/no-img-element
app/campo/abastecimento/page.tsx,94,21,erro,react-hooks/set-state-in-effect
app/campo/abastecimento/page.tsx,238,9,erro,@next/next/no-html-link-for-pages
app/campo/adubacao/page.tsx,81,21,erro,react-hooks/set-state-in-effect
app/campo/aerea/page.tsx,246,9,erro,@next/next/no-html-link-for-pages
app/campo/aerea/page.tsx,249,9,erro,@next/next/no-html-link-for-pages
app/campo/aerea/page.tsx,527,9,erro,@next/next/no-html-link-for-pages
app/campo/colheita/page.tsx,68,21,erro,react-hooks/set-state-in-effect
app/campo/colheita/page.tsx,148,9,erro,@next/next/no-html-link-for-pages
app/campo/login/page.tsx,27,6,aviso,react-hooks/exhaustive-deps
app/campo/login/page.tsx,66,13,aviso,@next/next/no-img-element
app/campo/login/page.tsx,68,13,aviso,@next/next/no-img-element
app/campo/login/page.tsx,186,11,erro,@next/next/no-html-link-for-pages
app/campo/monitoramento/page.tsx,180,9,erro,@next/next/no-html-link-for-pages
app/campo/monitoramento/page.tsx,250,15,aviso,@next/next/no-img-element
app/campo/plantio/page.tsx,70,21,erro,react-hooks/set-state-in-effect
app/campo/plantio/page.tsx,179,9,erro,@next/next/no-html-link-for-pages
app/campo/pulverizacao/page.tsx,231,9,erro,@next/next/no-html-link-for-pages
app/campo/transferencias/page.tsx,213,9,erro,@next/next/no-html-link-for-pages
app/campo/transferencias/page.tsx,222,9,erro,@next/next/no-html-link-for-pages
app/campo/transferencias/page.tsx,408,7,erro,@next/next/no-html-link-for-pages
app/comercial/faturamento/page.tsx,197,10,aviso,@typescript-eslint/no-unused-vars
app/comercial/faturamento/page.tsx,198,10,aviso,@typescript-eslint/no-unused-vars
app/comercial/faturamento/page.tsx,199,10,aviso,@typescript-eslint/no-unused-vars
app/comercial/faturamento/page.tsx,331,3,aviso,
app/comercial/faturamento/page.tsx,1244,58,aviso,@typescript-eslint/no-unused-vars
app/comercial/faturamento/page.tsx,1580,160,erro,react/no-unescaped-entities
app/comercial/faturamento/page.tsx,1580,167,erro,react/no-unescaped-entities
app/comercial/hedge/page.tsx,25,10,aviso,@typescript-eslint/no-unused-vars
app/comercial/hedge/page.tsx,82,32,aviso,@typescript-eslint/no-unused-vars
app/comercial/hedge/page.tsx,83,9,aviso,@typescript-eslint/no-unused-vars
app/comercial/hedge/page.tsx,175,6,aviso,react-hooks/exhaustive-deps
app/compras/nf-servico/page.tsx,274,6,aviso,react-hooks/exhaustive-deps
app/compras/nf-servico/page.tsx,303,6,aviso,react-hooks/exhaustive-deps
app/compras/nf-servico/page.tsx,1608,105,erro,react/no-unescaped-entities
app/compras/nf-servico/page.tsx,1608,120,erro,react/no-unescaped-entities
app/compras/nf/page.tsx,7,3,aviso,@typescript-eslint/no-unused-vars
app/compras/nf/page.tsx,14,3,aviso,@typescript-eslint/no-unused-vars
app/compras/nf/page.tsx,19,3,aviso,@typescript-eslint/no-unused-vars
app/compras/nf/page.tsx,25,3,aviso,@typescript-eslint/no-unused-vars
app/compras/nf/page.tsx,192,10,aviso,@typescript-eslint/no-unused-vars
app/compras/nf/page.tsx,332,11,aviso,
app/compras/nf/page.tsx,445,18,aviso,@typescript-eslint/no-unused-vars
app/compras/nf/page.tsx,481,46,aviso,@typescript-eslint/no-unused-vars
app/compras/nf/page.tsx,597,10,aviso,@typescript-eslint/no-unused-vars
app/compras/nf/page.tsx,694,6,aviso,react-hooks/exhaustive-deps
app/compras/nf/page.tsx,815,3,aviso,
app/compras/nf/page.tsx,1435,14,aviso,@typescript-eslint/no-unused-vars
app/compras/nf/page.tsx,2919,31,aviso,@typescript-eslint/no-unused-expressions
app/compras/nf/page.tsx,3813,109,erro,react/no-unescaped-entities
app/compras/nf/page.tsx,3813,124,erro,react/no-unescaped-entities
app/compras/nf/page.tsx,4051,258,erro,react/no-unescaped-entities
app/compras/nf/page.tsx,4051,277,erro,react/no-unescaped-entities
app/compras/nf/page.tsx,4608,209,erro,react/no-unescaped-entities
app/compras/nf/page.tsx,4608,228,erro,react/no-unescaped-entities
app/compras/page.tsx,10,66,aviso,@typescript-eslint/no-unused-vars
app/compras/page.tsx,527,6,aviso,react-hooks/exhaustive-deps
app/compras/page.tsx,775,81,erro,@typescript-eslint/no-explicit-any
app/compras/page.tsx,1298,13,erro,@next/next/no-html-link-for-pages
app/compras/page.tsx,1798,33,aviso,@typescript-eslint/no-unused-vars
app/compras/page.tsx,1988,165,erro,react/no-unescaped-entities
app/compras/page.tsx,1988,172,erro,react/no-unescaped-entities
app/compras/page.tsx,2023,99,erro,react/no-unescaped-entities
app/compras/page.tsx,2023,114,erro,react/no-unescaped-entities
app/compras/page.tsx,2093,137,erro,react/no-unescaped-entities
app/compras/page.tsx,2093,143,erro,react/no-unescaped-entities
app/compras/page.tsx,2606,34,erro,react/no-unescaped-entities
app/compras/page.tsx,2606,67,erro,react/no-unescaped-entities
app/configuracoes/auditoria/page.tsx,265,53,aviso,@typescript-eslint/no-unused-expressions
app/configuracoes/backup/page.tsx,13,7,aviso,@typescript-eslint/no-unused-vars
app/configuracoes/backup/page.tsx,60,21,erro,react-hooks/set-state-in-effect
app/configuracoes/bot/page.tsx,119,21,erro,react-hooks/set-state-in-effect
app/configuracoes/bot/page.tsx,285,15,aviso,@next/next/no-img-element
app/configuracoes/bot/page.tsx,322,25,erro,react/no-unescaped-entities
app/configuracoes/bot/page.tsx,322,42,erro,react/no-unescaped-entities
app/configuracoes/bot/page.tsx,357,45,erro,react/no-unescaped-entities
app/configuracoes/bot/page.tsx,357,62,erro,react/no-unescaped-entities
app/configuracoes/classificacao/page.tsx,115,21,erro,react-hooks/set-state-in-effect
app/configuracoes/contabilidade/page.tsx,335,11,erro,@next/next/no-html-link-for-pages
app/configuracoes/financeiras/taxas/page.tsx,37,21,erro,react-hooks/immutability
app/configuracoes/financeiras/taxas/page.tsx,37,36,aviso,react-hooks/exhaustive-deps
app/configuracoes/financeiras/taxas/page.tsx,174,44,erro,react/no-unescaped-entities
app/configuracoes/financeiras/taxas/page.tsx,174,66,erro,react/no-unescaped-entities
app/configuracoes/importacao/page.tsx,876,7,aviso,@typescript-eslint/no-unused-vars
app/configuracoes/importacao/page.tsx,919,7,aviso,@typescript-eslint/no-unused-vars
app/configuracoes/importacao/page.tsx,1114,7,aviso,@typescript-eslint/no-unused-vars
app/configuracoes/importacao/page.tsx,1831,11,erro,prefer-const
app/configuracoes/importacao/page.tsx,3473,61,erro,react/no-unescaped-entities
app/configuracoes/importacao/page.tsx,3473,102,erro,react/no-unescaped-entities
app/configuracoes/importacao/page.tsx,3480,154,erro,react/no-unescaped-entities
app/configuracoes/importacao/page.tsx,3480,164,erro,react/no-unescaped-entities
app/configuracoes/integracoes/page.tsx,77,7,aviso,@typescript-eslint/no-unused-vars
app/configuracoes/integracoes/page.tsx,653,7,erro,@typescript-eslint/ban-ts-comment
app/configuracoes/integracoes/page.tsx,796,19,aviso,@next/next/no-img-element
app/configuracoes/integracoes/page.tsx,799,43,erro,react/no-unescaped-entities
app/configuracoes/integracoes/page.tsx,799,57,erro,react/no-unescaped-entities
app/configuracoes/integracoes/page.tsx,870,56,erro,react-hooks/set-state-in-effect
app/configuracoes/integracoes/page.tsx,900,36,erro,react-hooks/set-state-in-effect
app/configuracoes/integracoes/page.tsx,900,51,aviso,react-hooks/exhaustive-deps
app/configuracoes/integracoes/page.tsx,1187,39,erro,react/no-unescaped-entities
app/configuracoes/integracoes/page.tsx,1187,48,erro,react/no-unescaped-entities
app/configuracoes/integracoes/page.tsx,1237,78,erro,react/no-unescaped-entities
app/configuracoes/integracoes/page.tsx,1237,87,erro,react/no-unescaped-entities
app/configuracoes/modulos/page.tsx,142,7,aviso,@typescript-eslint/no-unused-vars
app/configuracoes/modulos/page.tsx,172,7,aviso,@typescript-eslint/no-unused-vars
app/configuracoes/modulos/page.tsx,196,7,aviso,@typescript-eslint/no-unused-vars
app/configuracoes/modulos/page.tsx,934,23,aviso,@typescript-eslint/no-unused-vars
app/configuracoes/modulos/page.tsx,975,59,erro,react/no-unescaped-entities
app/configuracoes/modulos/page.tsx,975,90,erro,react/no-unescaped-entities
app/configuracoes/modulos/page.tsx,1145,13,erro,@next/next/no-html-link-for-pages
app/configuracoes/modulos/page.tsx,1771,53,erro,react/no-unescaped-entities
app/configuracoes/modulos/page.tsx,1771,73,erro,react/no-unescaped-entities
app/configuracoes/modulos/page.tsx,2058,25,aviso,@next/next/no-img-element
app/configuracoes/modulos/page.tsx,2235,31,erro,@next/next/no-html-link-for-pages
app/configuracoes/modulos/page.tsx,2240,31,erro,@next/next/no-html-link-for-pages
app/configuracoes/operacoes-gerenciais/page.tsx,379,13,erro,@next/next/no-html-link-for-pages
app/configuracoes/operacoes-gerenciais/page.tsx,471,56,erro,react/no-unescaped-entities
app/configuracoes/operacoes-gerenciais/page.tsx,471,74,erro,react/no-unescaped-entities
app/configuracoes/operacoes-gerenciais/page.tsx,471,79,erro,react/no-unescaped-entities
app/configuracoes/operacoes-gerenciais/page.tsx,471,95,erro,react/no-unescaped-entities
app/configuracoes/operacoes-gerenciais/page.tsx,646,166,erro,react/no-unescaped-entities
app/configuracoes/operacoes-gerenciais/page.tsx,646,191,erro,react/no-unescaped-entities
app/configuracoes/operacoes-gerenciais/page.tsx,853,58,erro,@next/next/no-html-link-for-pages
app/configuracoes/page.tsx,120,6,aviso,react-hooks/exhaustive-deps
app/configuracoes/plano-contas/page.tsx,331,51,erro,react/no-unescaped-entities
app/configuracoes/plano-contas/page.tsx,331,69,erro,react/no-unescaped-entities
app/configuracoes/rateio/page.tsx,339,58,erro,react/no-unescaped-entities
app/configuracoes/rateio/page.tsx,339,71,erro,react/no-unescaped-entities
app/configuracoes/rateio/page.tsx,416,58,erro,react/no-unescaped-entities
app/configuracoes/rateio/page.tsx,416,71,erro,react/no-unescaped-entities
app/configuracoes/usuarios/page.tsx,371,5,erro,react-hooks/set-state-in-effect
app/configuracoes/usuarios/page.tsx,376,20,aviso,
app/contratos/arrendamento/page.tsx,2,31,aviso,@typescript-eslint/no-unused-vars
app/contratos/arrendamento/page.tsx,101,37,aviso,@typescript-eslint/no-unused-vars
app/contratos/arrendamento/page.tsx,229,7,aviso,@typescript-eslint/no-unused-expressions
app/contratos/arrendamento/page.tsx,1104,64,erro,react/no-unescaped-entities
app/contratos/arrendamento/page.tsx,1104,80,erro,react/no-unescaped-entities
app/contratos/arrendamento/page.tsx,1104,85,erro,react/no-unescaped-entities
app/contratos/arrendamento/page.tsx,1104,102,erro,react/no-unescaped-entities
app/contratos/arrendamento/page.tsx,1840,25,aviso,@typescript-eslint/no-unused-vars
app/contratos/arrendamento/page.tsx,1841,25,aviso,@typescript-eslint/no-unused-vars
app/contratos/migrar-nf/page.tsx,59,6,aviso,react-hooks/exhaustive-deps
app/contratos/page.tsx,6,3,aviso,@typescript-eslint/no-unused-vars
app/contratos/page.tsx,204,7,aviso,@typescript-eslint/no-unused-vars
app/contratos/page.tsx,232,7,aviso,@typescript-eslint/no-unused-vars
app/contratos/page.tsx,787,55,aviso,react-hooks/exhaustive-deps
app/contratos/page.tsx,832,53,aviso,@typescript-eslint/no-unused-expressions
app/contratos/page.tsx,1219,9,aviso,@typescript-eslint/no-unused-vars
app/contratos/page.tsx,1599,18,aviso,@typescript-eslint/no-unused-vars
app/contratos/page.tsx,3465,74,aviso,@typescript-eslint/no-unused-expressions
app/controller/page.tsx,57,14,aviso,@typescript-eslint/no-unused-vars
app/custos/page.tsx,239,34,aviso,@typescript-eslint/no-unused-vars
app/custos/page.tsx,290,6,aviso,react-hooks/exhaustive-deps
app/custos/page.tsx,295,7,erro,react-hooks/set-state-in-effect
app/empresas/folha/page.tsx,140,6,aviso,react-hooks/exhaustive-deps
app/empresas/folha/page.tsx,140,27,aviso,react-hooks/exhaustive-deps
app/empresas/folha/page.tsx,185,50,erro,@typescript-eslint/no-explicit-any
app/empresas/folha/page.tsx,188,48,erro,@typescript-eslint/no-explicit-any
app/empresas/folha/page.tsx,188,95,erro,@typescript-eslint/no-explicit-any
app/empresas/folha/page.tsx,189,46,erro,@typescript-eslint/no-explicit-any
app/empresas/folha/page.tsx,189,93,erro,@typescript-eslint/no-explicit-any
app/empresas/folha/page.tsx,201,68,erro,@typescript-eslint/no-explicit-any
app/empresas/folha/page.tsx,209,281,erro,@typescript-eslint/no-explicit-any
app/empresas/folha/page.tsx,209,329,erro,@typescript-eslint/no-explicit-any
app/empresas/folha/page.tsx,209,379,erro,@typescript-eslint/no-explicit-any
app/empresas/folha/page.tsx,255,17,erro,@typescript-eslint/no-explicit-any
app/empresas/folha/page.tsx,280,17,erro,@typescript-eslint/no-explicit-any
app/empresas/folha/page.tsx,302,17,erro,@typescript-eslint/no-explicit-any
app/empresas/folha/page.tsx,318,17,erro,@typescript-eslint/no-explicit-any
app/empresas/folha/page.tsx,332,47,erro,@typescript-eslint/no-explicit-any
app/empresas/folha/page.tsx,353,98,erro,@typescript-eslint/no-explicit-any
app/empresas/folha/page.tsx,358,17,erro,@typescript-eslint/no-explicit-any
app/empresas/folha/page.tsx,371,54,aviso,@typescript-eslint/no-unused-expressions
app/empresas/pagar/page.tsx,97,10,aviso,@typescript-eslint/no-unused-vars
app/empresas/pagar/page.tsx,98,10,aviso,@typescript-eslint/no-unused-vars
app/empresas/pagar/page.tsx,162,49,erro,@typescript-eslint/no-explicit-any
app/empresas/pagar/page.tsx,165,17,erro,@typescript-eslint/no-explicit-any
app/empresas/pagar/page.tsx,391,38,erro,@typescript-eslint/no-explicit-any
app/empresas/receber/page.tsx,80,10,aviso,@typescript-eslint/no-unused-vars
app/empresas/receber/page.tsx,81,10,aviso,@typescript-eslint/no-unused-vars
app/empresas/receber/page.tsx,136,62,erro,@typescript-eslint/no-explicit-any
app/empresas/receber/page.tsx,138,17,erro,@typescript-eslint/no-explicit-any
app/empresas/receber/page.tsx,339,36,erro,@typescript-eslint/no-explicit-any
app/estoque/abastecimento/page.tsx,6,10,aviso,@typescript-eslint/no-unused-vars
app/estoque/abastecimento/page.tsx,154,6,aviso,react-hooks/exhaustive-deps
app/estoque/abastecimento/page.tsx,156,21,erro,react-hooks/set-state-in-effect
app/estoque/abastecimento/page.tsx,172,30,erro,react-hooks/set-state-in-effect
app/estoque/abastecimento/page.tsx,179,6,aviso,react-hooks/exhaustive-deps
app/estoque/abastecimento/page.tsx,244,82,aviso,@typescript-eslint/no-unused-vars
app/estoque/graos/page.tsx,194,6,aviso,react-hooks/exhaustive-deps
app/estoque/kardex/page.tsx,60,11,aviso,@typescript-eslint/no-unused-vars
app/estoque/page.tsx,68,44,aviso,@typescript-eslint/no-unused-vars
app/estoque/page.tsx,295,10,aviso,@typescript-eslint/no-unused-vars
app/estoque/page.tsx,823,11,erro,prefer-const
app/estoque/page.tsx,1172,101,aviso,@typescript-eslint/no-unused-expressions
app/estoque/page.tsx,2100,33,aviso,@typescript-eslint/no-unused-expressions
app/estoque/page.tsx,2234,55,aviso,@typescript-eslint/no-unused-vars
app/estoque/page.tsx,2243,111,aviso,@typescript-eslint/no-unused-expressions
app/estoque/romaneio-entrada/page.tsx,118,10,aviso,@typescript-eslint/no-unused-vars
app/estoque/romaneio-entrada/page.tsx,162,6,aviso,react-hooks/exhaustive-deps
app/estoque/romaneio-entrada/page.tsx,259,15,aviso,@typescript-eslint/no-unused-vars
app/estoque/romaneio-entrada/page.tsx,661,97,erro,react/no-unescaped-entities
app/estoque/romaneio-entrada/page.tsx,661,133,erro,react/no-unescaped-entities
app/estoque/transferencias/page.tsx,372,9,aviso,@typescript-eslint/no-unused-vars
app/estoque/transferencias/page.tsx,937,25,erro,react/no-unescaped-entities
app/estoque/transferencias/page.tsx,937,44,erro,react/no-unescaped-entities
app/expedicao/page.tsx,175,6,aviso,react-hooks/exhaustive-deps
app/expedicao/page.tsx,195,21,erro,react-hooks/set-state-in-effect
app/financeiro/aplicacoes/page.tsx,24,7,aviso,@typescript-eslint/no-unused-vars
app/financeiro/aplicacoes/page.tsx,133,6,aviso,react-hooks/exhaustive-deps
app/financeiro/aplicacoes/page.tsx,408,48,erro,react/no-unescaped-entities
app/financeiro/aplicacoes/page.tsx,408,65,erro,react/no-unescaped-entities
app/financeiro/aplicacoes/page.tsx,471,142,erro,react/no-unescaped-entities
app/financeiro/aplicacoes/page.tsx,471,161,erro,react/no-unescaped-entities
app/financeiro/apoio/page.tsx,225,19,aviso,
app/financeiro/apoio/page.tsx,798,18,erro,react/no-unescaped-entities
app/financeiro/apoio/page.tsx,798,25,erro,react/no-unescaped-entities
app/financeiro/apoio/page.tsx,798,80,erro,react/no-unescaped-entities
app/financeiro/apoio/page.tsx,798,88,erro,react/no-unescaped-entities
app/financeiro/cartoes/page.tsx,14,3,aviso,@typescript-eslint/no-unused-vars
app/financeiro/cartoes/page.tsx,15,3,aviso,@typescript-eslint/no-unused-vars
app/financeiro/cartoes/page.tsx,24,7,aviso,@typescript-eslint/no-unused-vars
app/financeiro/cartoes/page.tsx,223,9,aviso,@typescript-eslint/no-unused-vars
app/financeiro/cartoes/page.tsx,263,16,erro,@typescript-eslint/no-explicit-any
app/financeiro/cartoes/page.tsx,568,56,aviso,@typescript-eslint/no-unused-vars
app/financeiro/conciliacao/page.tsx,10,25,aviso,@typescript-eslint/no-unused-vars
app/financeiro/conciliacao/page.tsx,333,7,aviso,@typescript-eslint/no-unused-vars
app/financeiro/conciliacao/page.tsx,440,10,aviso,@typescript-eslint/no-unused-vars
app/financeiro/conciliacao/page.tsx,440,26,aviso,@typescript-eslint/no-unused-vars
app/financeiro/conciliacao/page.tsx,444,10,aviso,@typescript-eslint/no-unused-vars
app/financeiro/conciliacao/page.tsx,444,27,aviso,@typescript-eslint/no-unused-vars
app/financeiro/conciliacao/page.tsx,604,6,aviso,react-hooks/exhaustive-deps
app/financeiro/conciliacao/page.tsx,2009,3,aviso,react-hooks/exhaustive-deps
app/financeiro/conciliacao/page.tsx,2596,170,erro,react/no-unescaped-entities
app/financeiro/conciliacao/page.tsx,2596,183,erro,react/no-unescaped-entities
app/financeiro/consorcios/page.tsx,133,10,aviso,@typescript-eslint/no-unused-vars
app/financeiro/consorcios/page.tsx,256,6,aviso,react-hooks/exhaustive-deps
app/financeiro/consorcios/page.tsx,744,58,erro,react/no-unescaped-entities
app/financeiro/consorcios/page.tsx,744,66,erro,react/no-unescaped-entities
app/financeiro/consorcios/page.tsx,832,97,erro,react/no-unescaped-entities
app/financeiro/consorcios/page.tsx,832,112,erro,react/no-unescaped-entities
app/financeiro/consorcios/page.tsx,992,64,erro,react/no-unescaped-entities
app/financeiro/consorcios/page.tsx,992,79,erro,react/no-unescaped-entities
app/financeiro/contratos/page.tsx,7,3,aviso,@typescript-eslint/no-unused-vars
app/financeiro/contratos/page.tsx,214,10,aviso,@typescript-eslint/no-unused-vars
app/financeiro/contratos/page.tsx,287,6,aviso,react-hooks/exhaustive-deps
app/financeiro/contratos/page.tsx,424,6,aviso,react-hooks/exhaustive-deps
app/financeiro/contratos/page.tsx,870,55,erro,@typescript-eslint/no-explicit-any
app/financeiro/contratos/page.tsx,1056,9,aviso,@typescript-eslint/no-unused-vars
app/financeiro/contratos/page.tsx,1097,17,erro,@next/next/no-html-link-for-pages
app/financeiro/empresas/page.tsx,31,10,aviso,@typescript-eslint/no-unused-vars
app/financeiro/empresas/page.tsx,102,50,erro,@typescript-eslint/no-explicit-any
app/financeiro/empresas/page.tsx,103,50,erro,@typescript-eslint/no-explicit-any
app/financeiro/empresas/page.tsx,104,10,aviso,@typescript-eslint/no-unused-vars
app/financeiro/empresas/page.tsx,104,23,aviso,@typescript-eslint/no-unused-vars
app/financeiro/empresas/page.tsx,104,50,erro,@typescript-eslint/no-explicit-any
app/financeiro/empresas/page.tsx,219,32,erro,@typescript-eslint/no-explicit-any
app/financeiro/endividamento/page.tsx,273,6,aviso,react-hooks/exhaustive-deps
app/financeiro/endividamento/page.tsx,355,9,aviso,@typescript-eslint/no-unused-vars
app/financeiro/endividamento/page.tsx,747,121,erro,react/no-unescaped-entities
app/financeiro/endividamento/page.tsx,747,138,erro,react/no-unescaped-entities
app/financeiro/endividamento/page.tsx,1116,207,erro,react/no-unescaped-entities
app/financeiro/endividamento/page.tsx,1116,209,erro,react/no-unescaped-entities
app/financeiro/endividamento/page.tsx,1118,48,erro,react/no-unescaped-entities
app/financeiro/endividamento/page.tsx,1118,50,erro,react/no-unescaped-entities
app/financeiro/folha/page.tsx,3,44,aviso,@typescript-eslint/no-unused-vars
app/financeiro/folha/page.tsx,177,10,aviso,@typescript-eslint/no-unused-vars
app/financeiro/folha/page.tsx,177,23,aviso,@typescript-eslint/no-unused-vars
app/financeiro/folha/page.tsx,242,51,erro,@typescript-eslint/no-explicit-any
app/financeiro/folha/page.tsx,249,32,erro,@typescript-eslint/no-explicit-any
app/financeiro/folha/page.tsx,253,33,erro,@typescript-eslint/no-explicit-any
app/financeiro/folha/page.tsx,258,21,erro,@typescript-eslint/no-explicit-any
app/financeiro/folha/page.tsx,259,18,erro,@typescript-eslint/no-explicit-any
app/financeiro/folha/page.tsx,260,50,erro,@typescript-eslint/no-explicit-any
app/financeiro/folha/page.tsx,264,19,erro,@typescript-eslint/no-explicit-any
app/financeiro/folha/page.tsx,265,42,erro,@typescript-eslint/no-explicit-any
app/financeiro/folha/page.tsx,272,19,erro,@typescript-eslint/no-explicit-any
app/financeiro/folha/page.tsx,273,20,erro,@typescript-eslint/no-explicit-any
app/financeiro/folha/page.tsx,274,40,erro,@typescript-eslint/no-explicit-any
app/financeiro/folha/page.tsx,274,87,erro,@typescript-eslint/no-explicit-any
app/financeiro/folha/page.tsx,275,38,erro,@typescript-eslint/no-explicit-any
app/financeiro/folha/page.tsx,275,85,erro,@typescript-eslint/no-explicit-any
app/financeiro/folha/page.tsx,276,17,erro,@typescript-eslint/no-explicit-any
app/financeiro/folha/page.tsx,281,6,aviso,react-hooks/exhaustive-deps
app/financeiro/folha/page.tsx,281,27,aviso,react-hooks/exhaustive-deps
app/financeiro/folha/page.tsx,310,20,erro,@typescript-eslint/no-explicit-any
app/financeiro/folha/page.tsx,311,45,erro,@typescript-eslint/no-explicit-any
app/financeiro/folha/page.tsx,356,39,erro,@typescript-eslint/no-explicit-any
app/financeiro/folha/page.tsx,426,17,erro,@typescript-eslint/no-explicit-any
app/financeiro/folha/page.tsx,537,17,erro,@typescript-eslint/no-explicit-any
app/financeiro/folha/page.tsx,565,17,erro,@typescript-eslint/no-explicit-any
app/financeiro/folha/page.tsx,591,17,erro,@typescript-eslint/no-explicit-any
app/financeiro/folha/page.tsx,634,17,erro,@typescript-eslint/no-explicit-any
app/financeiro/folha/page.tsx,646,17,erro,@typescript-eslint/no-explicit-any
app/financeiro/folha/page.tsx,683,17,erro,@typescript-eslint/no-explicit-any
app/financeiro/folha/page.tsx,695,17,erro,@typescript-eslint/no-explicit-any
app/financeiro/folha/page.tsx,706,24,erro,@typescript-eslint/no-explicit-any
app/financeiro/folha/page.tsx,706,57,erro,@typescript-eslint/no-explicit-any
app/financeiro/folha/page.tsx,735,85,erro,@typescript-eslint/no-explicit-any
app/financeiro/folha/page.tsx,740,17,erro,@typescript-eslint/no-explicit-any
app/financeiro/folha/page.tsx,755,7,aviso,@typescript-eslint/no-unused-expressions
app/financeiro/folha/page.tsx,874,49,erro,@typescript-eslint/no-explicit-any
app/financeiro/folha/page.tsx,1120,139,aviso,@typescript-eslint/no-unused-expressions
app/financeiro/pagar/page.tsx,3,57,aviso,@typescript-eslint/no-unused-vars
app/financeiro/pagar/page.tsx,15,384,aviso,@typescript-eslint/no-unused-vars
app/financeiro/pagar/page.tsx,16,115,aviso,@typescript-eslint/no-unused-vars
app/financeiro/pagar/page.tsx,153,9,aviso,@typescript-eslint/no-unused-vars
app/financeiro/pagar/page.tsx,167,10,aviso,@typescript-eslint/no-unused-vars
app/financeiro/pagar/page.tsx,175,10,aviso,@typescript-eslint/no-unused-vars
app/financeiro/pagar/page.tsx,504,6,aviso,react-hooks/exhaustive-deps
app/financeiro/pagar/page.tsx,542,6,aviso,react-hooks/exhaustive-deps
app/financeiro/pagar/page.tsx,542,27,aviso,react-hooks/exhaustive-deps
app/financeiro/pagar/page.tsx,551,6,aviso,react-hooks/exhaustive-deps
app/financeiro/pagar/page.tsx,551,12,aviso,react-hooks/exhaustive-deps
app/financeiro/pagar/page.tsx,664,6,aviso,react-hooks/exhaustive-deps
app/financeiro/pagar/page.tsx,679,3,aviso,
app/financeiro/pagar/page.tsx,940,56,aviso,@typescript-eslint/no-unused-expressions
app/financeiro/pagar/page.tsx,1090,16,aviso,@typescript-eslint/no-unused-vars
app/financeiro/pagar/page.tsx,1327,54,erro,@typescript-eslint/no-explicit-any
app/financeiro/pagar/page.tsx,1396,8,aviso,
app/financeiro/pagar/page.tsx,1418,15,erro,@next/next/no-html-link-for-pages
app/financeiro/pagar/page.tsx,1608,27,aviso,@typescript-eslint/no-unused-expressions
app/financeiro/pagar/page.tsx,1684,27,aviso,@typescript-eslint/no-unused-expressions
app/financeiro/pagar/page.tsx,1822,31,aviso,@typescript-eslint/no-unused-vars
app/financeiro/pagar/page.tsx,1835,31,aviso,@typescript-eslint/no-unused-vars
app/financeiro/pagar/page.tsx,1979,21,erro,@next/next/no-html-link-for-pages
app/financeiro/pagar/page.tsx,2263,25,erro,@next/next/no-html-link-for-pages
app/financeiro/pagar/page.tsx,3050,35,erro,react/no-unescaped-entities
app/financeiro/pagar/page.tsx,3050,40,erro,react/no-unescaped-entities
app/financeiro/pagar/page.tsx,3352,71,erro,react/no-unescaped-entities
app/financeiro/pagar/page.tsx,3352,77,erro,react/no-unescaped-entities
app/financeiro/page.tsx,270,6,aviso,react-hooks/exhaustive-deps
app/financeiro/page.tsx,646,13,aviso,@next/next/no-img-element
app/financeiro/page.tsx,1002,29,aviso,@typescript-eslint/no-unused-expressions
app/financeiro/page.tsx,1343,31,aviso,@typescript-eslint/no-unused-vars
app/financeiro/pendencias-nf/page.tsx,79,35,erro,react-hooks/preserve-manual-memoization
app/financeiro/pendencias-nf/page.tsx,96,6,aviso,react-hooks/exhaustive-deps
app/financeiro/pendencias-nf/page.tsx,98,21,erro,react-hooks/set-state-in-effect
app/financeiro/pendencias-nf/page.tsx,106,6,aviso,react-hooks/exhaustive-deps
app/financeiro/pendencias-nf/page.tsx,306,13,erro,@next/next/no-html-link-for-pages
app/financeiro/pendencias-nf/page.tsx,309,13,erro,@next/next/no-html-link-for-pages
app/financeiro/receber/page.tsx,3,50,aviso,@typescript-eslint/no-unused-vars
app/financeiro/receber/page.tsx,139,10,aviso,@typescript-eslint/no-unused-vars
app/financeiro/receber/page.tsx,334,6,aviso,react-hooks/exhaustive-deps
app/financeiro/receber/page.tsx,359,6,aviso,react-hooks/exhaustive-deps
app/financeiro/receber/page.tsx,415,9,aviso,@typescript-eslint/no-unused-vars
app/financeiro/receber/page.tsx,479,6,aviso,react-hooks/exhaustive-deps
app/financeiro/receber/page.tsx,722,56,aviso,@typescript-eslint/no-unused-expressions
app/financeiro/receber/page.tsx,882,9,aviso,@typescript-eslint/no-unused-vars
app/financeiro/receber/page.tsx,929,8,aviso,
app/financeiro/receber/page.tsx,1245,31,aviso,@typescript-eslint/no-unused-vars
app/financeiro/receber/page.tsx,1258,31,aviso,@typescript-eslint/no-unused-vars
app/financeiro/relatorios/page.tsx,58,7,aviso,@typescript-eslint/no-unused-vars
app/financeiro/relatorios/page.tsx,90,57,aviso,@typescript-eslint/no-unused-vars
app/financeiro/relatorios/page.tsx,98,10,aviso,@typescript-eslint/no-unused-vars
app/financeiro/relatorios/page.tsx,245,59,aviso,@typescript-eslint/no-unused-expressions
app/financeiro/relatorios/page.tsx,370,9,aviso,@typescript-eslint/no-unused-vars
app/financeiro/relatorios/page.tsx,371,9,aviso,@typescript-eslint/no-unused-vars
app/financeiro/relatorios/page.tsx,372,9,aviso,@typescript-eslint/no-unused-vars
app/financeiro/relatorios/page.tsx,373,9,aviso,@typescript-eslint/no-unused-vars
app/financeiro/relatorios/page.tsx,389,9,aviso,@typescript-eslint/no-unused-vars
app/financeiro/relatorios/page.tsx,393,9,aviso,@typescript-eslint/no-unused-vars
app/financeiro/relatorios/page.tsx,639,23,aviso,@typescript-eslint/no-unused-vars
app/financeiro/relatorios/page.tsx,1844,44,aviso,@typescript-eslint/no-unused-expressions
app/financeiro/relatorios/page.tsx,1917,23,aviso,@typescript-eslint/no-unused-vars
app/financeiro/relatorios/page.tsx,1967,144,aviso,@typescript-eslint/no-unused-expressions
app/financeiro/relatorios/page.tsx,1983,149,aviso,@typescript-eslint/no-unused-expressions
app/financeiro/relatorios/page.tsx,1998,166,aviso,@typescript-eslint/no-unused-expressions
app/financeiro/relatorios/page.tsx,2176,91,aviso,@typescript-eslint/no-unused-vars
app/financeiro/relatorios/page.tsx,2179,31,aviso,@typescript-eslint/no-unused-vars
app/financeiro/relatorios/page.tsx,2222,29,aviso,@typescript-eslint/no-unused-vars
app/financeiro/relatorios/page.tsx,2223,29,aviso,@typescript-eslint/no-unused-vars
app/financeiro/relatorios/page.tsx,2238,57,aviso,@typescript-eslint/no-unused-vars
app/financeiro/seguros/page.tsx,126,7,aviso,@typescript-eslint/no-unused-vars
app/financeiro/seguros/page.tsx,236,6,aviso,react-hooks/exhaustive-deps
app/financeiro/seguros/page.tsx,236,18,aviso,react-hooks/exhaustive-deps
app/financeiro/seguros/page.tsx,250,6,aviso,react-hooks/exhaustive-deps
app/financeiro/seguros/page.tsx,487,9,aviso,@typescript-eslint/no-unused-vars
app/financeiro/seguros/page.tsx,949,115,erro,react/no-unescaped-entities
app/financeiro/seguros/page.tsx,949,123,erro,react/no-unescaped-entities
app/financeiro/seguros/page.tsx,949,125,erro,react/no-unescaped-entities
app/financeiro/seguros/page.tsx,949,135,erro,react/no-unescaped-entities
app/financeiro/seguros/page.tsx,949,150,erro,react/no-unescaped-entities
app/financeiro/seguros/page.tsx,949,156,erro,react/no-unescaped-entities
app/financeiro/tesouraria/mutuo/page.tsx,95,6,aviso,react-hooks/exhaustive-deps
app/financeiro/tesouraria/page.tsx,108,6,aviso,react-hooks/exhaustive-deps
app/financeiro/tesouraria/page.tsx,250,84,erro,react/no-unescaped-entities
app/financeiro/tesouraria/page.tsx,250,102,erro,react/no-unescaped-entities
app/fiscal/esocial/page.tsx,82,7,aviso,@typescript-eslint/no-unused-vars
app/fiscal/esocial/page.tsx,161,36,aviso,react-hooks/exhaustive-deps
app/fiscal/esocial/page.tsx,198,24,erro,react-hooks/purity
app/fiscal/esocial/page.tsx,255,15,erro,@next/next/no-html-link-for-pages
app/fiscal/esocial/page.tsx,323,19,erro,@next/next/no-html-link-for-pages
app/fiscal/esocial/page.tsx,353,31,erro,@next/next/no-html-link-for-pages
app/fiscal/gnre/page.tsx,111,21,erro,react-hooks/set-state-in-effect
app/fiscal/gnre/page.tsx,111,36,aviso,react-hooks/exhaustive-deps
app/fiscal/gnre/page.tsx,120,30,erro,react-hooks/set-state-in-effect
app/fiscal/gnre/page.tsx,121,6,aviso,react-hooks/exhaustive-deps
app/fiscal/gnre/page.tsx,263,55,erro,react/no-unescaped-entities
app/fiscal/gnre/page.tsx,263,67,erro,react/no-unescaped-entities
app/fiscal/page.tsx,65,7,aviso,@typescript-eslint/no-unused-vars
app/fiscal/page.tsx,150,10,aviso,@typescript-eslint/no-unused-vars
app/fiscal/page.tsx,221,9,aviso,@typescript-eslint/no-unused-vars
app/fiscal/page.tsx,232,11,aviso,@typescript-eslint/no-unused-vars
app/fiscal/page.tsx,715,43,aviso,@typescript-eslint/no-unused-vars
app/fiscal/page.tsx,749,13,aviso,@typescript-eslint/no-unused-vars
app/fiscal/page.tsx,773,23,erro,@typescript-eslint/no-explicit-any
app/fiscal/page.tsx,773,55,erro,@typescript-eslint/no-explicit-any
app/fiscal/page.tsx,774,22,erro,@typescript-eslint/no-explicit-any
app/fiscal/page.tsx,775,36,erro,@typescript-eslint/no-explicit-any
app/fiscal/page.tsx,776,27,erro,@typescript-eslint/no-explicit-any
app/fiscal/page.tsx,776,52,erro,@typescript-eslint/no-explicit-any
app/fiscal/page.tsx,777,41,erro,@typescript-eslint/no-explicit-any
app/fiscal/page.tsx,779,30,erro,@typescript-eslint/no-explicit-any
app/fiscal/page.tsx,780,35,erro,@typescript-eslint/no-explicit-any
app/fiscal/page.tsx,785,34,erro,@typescript-eslint/no-explicit-any
app/fiscal/page.tsx,786,29,erro,@typescript-eslint/no-explicit-any
app/fiscal/page.tsx,790,3,aviso,
app/fiscal/page.tsx,978,10,aviso,@typescript-eslint/no-unused-vars
app/fiscal/page.tsx,1952,105,erro,react/no-unescaped-entities
app/fiscal/page.tsx,1952,128,erro,react/no-unescaped-entities
app/fiscal/page.tsx,1977,105,erro,react/no-unescaped-entities
app/fiscal/page.tsx,1977,130,erro,react/no-unescaped-entities
app/fiscal/page.tsx,2171,94,erro,react/no-unescaped-entities
app/fiscal/page.tsx,2171,116,erro,react/no-unescaped-entities
app/fiscal/page.tsx,2255,275,erro,react/no-unescaped-entities
app/fiscal/page.tsx,2255,299,erro,react/no-unescaped-entities
app/fiscal/page.tsx,2374,119,erro,react/no-unescaped-entities
app/fiscal/page.tsx,2374,143,erro,react/no-unescaped-entities
app/fiscal/page.tsx,2571,74,erro,react/no-unescaped-entities
app/fiscal/page.tsx,2571,90,erro,react/no-unescaped-entities
app/fiscal/page.tsx,2571,95,erro,react/no-unescaped-entities
app/fiscal/page.tsx,2571,107,erro,react/no-unescaped-entities
app/fiscal/pendencias/page.tsx,7,10,aviso,@typescript-eslint/no-unused-vars
app/fiscal/pendencias/page.tsx,7,32,aviso,@typescript-eslint/no-unused-vars
app/fiscal/pendencias/page.tsx,63,32,erro,react-hooks/preserve-manual-memoization
app/fiscal/pendencias/page.tsx,75,6,aviso,react-hooks/exhaustive-deps
app/fiscal/pendencias/page.tsx,77,21,erro,react-hooks/set-state-in-effect
app/fiscal/remessas/page.tsx,102,43,aviso,@typescript-eslint/no-unused-vars
app/fiscal/sped-contabil/page.tsx,27,10,aviso,@typescript-eslint/no-unused-vars
app/fiscal/sped-contabil/page.tsx,63,9,aviso,@typescript-eslint/no-unused-vars
app/fiscal/sped-contabil/page.tsx,64,9,aviso,@typescript-eslint/no-unused-vars
app/fiscal/sped-contabil/page.tsx,379,6,aviso,react-hooks/exhaustive-deps
app/fiscal/sped-contabil/page.tsx,401,13,erro,@next/next/no-html-link-for-pages
app/fiscal/sped-contabil/page.tsx,415,11,erro,@next/next/no-html-link-for-pages
app/fiscal/triangulacao/page.tsx,191,6,aviso,react-hooks/exhaustive-deps
app/fiscal/triangulacao/page.tsx,424,75,erro,react/no-unescaped-entities
app/fiscal/triangulacao/page.tsx,424,95,erro,react/no-unescaped-entities
app/fiscal/triangulacao/page.tsx,465,65,aviso,@typescript-eslint/no-unused-expressions
app/fiscal/triangulacao/page.tsx,994,78,erro,react/no-unescaped-entities
app/fiscal/triangulacao/page.tsx,994,87,erro,react/no-unescaped-entities
app/ibs/page.tsx,294,27,aviso,@typescript-eslint/no-unused-vars
app/lavoura/adubacao/page.tsx,97,9,aviso,@typescript-eslint/no-unused-vars
app/lavoura/adubacao/page.tsx,284,90,erro,react/no-unescaped-entities
app/lavoura/adubacao/page.tsx,284,114,erro,react/no-unescaped-entities
app/lavoura/aerea/page.tsx,118,10,aviso,@typescript-eslint/no-unused-vars
app/lavoura/aerea/page.tsx,429,71,erro,react/no-unescaped-entities
app/lavoura/aerea/page.tsx,429,88,erro,react/no-unescaped-entities
app/lavoura/colheita/page.tsx,54,10,aviso,@typescript-eslint/no-unused-vars
app/lavoura/colheita/page.tsx,469,9,aviso,@typescript-eslint/no-unused-vars
app/lavoura/colheita/page.tsx,564,53,erro,react/no-unescaped-entities
app/lavoura/colheita/page.tsx,564,67,erro,react/no-unescaped-entities
app/lavoura/colheita/page.tsx,778,64,erro,react/no-unescaped-entities
app/lavoura/colheita/page.tsx,778,75,erro,react/no-unescaped-entities
app/lavoura/colheita/page.tsx,928,17,aviso,@typescript-eslint/no-unused-vars
app/lavoura/colheita/page.tsx,928,23,aviso,@typescript-eslint/no-unused-vars
app/lavoura/colheita/page.tsx,928,29,aviso,@typescript-eslint/no-unused-vars
app/lavoura/colheita/page.tsx,928,35,aviso,@typescript-eslint/no-unused-vars
app/lavoura/colheita/page.tsx,928,41,aviso,@typescript-eslint/no-unused-vars
app/lavoura/colheita/page.tsx,928,47,aviso,@typescript-eslint/no-unused-vars
app/lavoura/colheita/page.tsx,928,53,aviso,@typescript-eslint/no-unused-vars
app/lavoura/colheita/page.tsx,928,59,aviso,@typescript-eslint/no-unused-vars
app/lavoura/colheita/page.tsx,1406,10,aviso,@typescript-eslint/no-unused-vars
app/lavoura/correcao/page.tsx,96,9,aviso,@typescript-eslint/no-unused-vars
app/lavoura/correcao/page.tsx,282,87,erro,react/no-unescaped-entities
app/lavoura/correcao/page.tsx,282,108,erro,react/no-unescaped-entities
app/lavoura/execucao/page.tsx,174,13,erro,react/no-unescaped-entities
app/lavoura/execucao/page.tsx,174,31,erro,react/no-unescaped-entities
app/lavoura/execucao/page.tsx,436,5,erro,react-hooks/set-state-in-effect
app/lavoura/execucao/page.tsx,439,32,erro,react-hooks/preserve-manual-memoization
app/lavoura/execucao/page.tsx,448,6,aviso,react-hooks/exhaustive-deps
app/lavoura/execucao/page.tsx,450,21,erro,react-hooks/set-state-in-effect
app/lavoura/execucao/page.tsx,564,11,erro,@next/next/no-html-link-for-pages
app/lavoura/page.tsx,83,37,aviso,@typescript-eslint/no-unused-vars
app/lavoura/page.tsx,151,3,aviso,
app/lavoura/page.tsx,388,99,aviso,@typescript-eslint/no-unused-expressions
app/lavoura/page.tsx,460,74,erro,react/no-unescaped-entities
app/lavoura/page.tsx,460,92,erro,react/no-unescaped-entities
app/lavoura/planejamento/page.tsx,124,37,aviso,@typescript-eslint/no-unused-vars
app/lavoura/planejamento/page.tsx,259,6,aviso,react-hooks/exhaustive-deps
app/lavoura/planejamento/page.tsx,288,6,aviso,react-hooks/exhaustive-deps
app/lavoura/planejamento/page.tsx,325,3,aviso,
app/lavoura/planejamento/page.tsx,515,13,erro,@next/next/no-html-link-for-pages
app/lavoura/planejamento/page.tsx,723,47,erro,react/no-unescaped-entities
app/lavoura/planejamento/page.tsx,723,54,erro,react/no-unescaped-entities
app/lavoura/planejamento/page.tsx,770,42,aviso,@typescript-eslint/no-unused-vars
app/lavoura/planejamento/page.tsx,819,93,erro,react/no-unescaped-entities
app/lavoura/planejamento/page.tsx,819,103,erro,react/no-unescaped-entities
app/lavoura/planejamento/page.tsx,869,93,erro,react/no-unescaped-entities
app/lavoura/planejamento/page.tsx,869,107,erro,react/no-unescaped-entities
app/lavoura/plantio/page.tsx,79,5,aviso,
app/lavoura/plantio/page.tsx,83,9,aviso,@typescript-eslint/no-unused-vars
app/lavoura/plantio/page.tsx,94,9,aviso,@typescript-eslint/no-unused-vars
app/lavoura/plantio/page.tsx,191,50,erro,react/no-unescaped-entities
app/lavoura/plantio/page.tsx,191,70,erro,react/no-unescaped-entities
app/lavoura/plantio/page.tsx,298,83,erro,react/no-unescaped-entities
app/lavoura/plantio/page.tsx,298,101,erro,react/no-unescaped-entities
app/lavoura/pluviometria/page.tsx,118,6,aviso,react-hooks/exhaustive-deps
app/lavoura/pluviometria/page.tsx,129,6,aviso,react-hooks/exhaustive-deps
app/lavoura/pluviometria/page.tsx,545,58,erro,react/no-unescaped-entities
app/lavoura/pluviometria/page.tsx,545,75,erro,react/no-unescaped-entities
app/lavoura/pragas/page.tsx,196,6,aviso,react-hooks/exhaustive-deps
app/lavoura/pragas/page.tsx,298,9,aviso,@typescript-eslint/no-unused-vars
app/lavoura/pragas/page.tsx,329,13,erro,@next/next/no-html-link-for-pages
app/lavoura/pragas/page.tsx,420,40,erro,react/no-unescaped-entities
app/lavoura/pragas/page.tsx,420,56,erro,react/no-unescaped-entities
app/lavoura/pragas/page.tsx,459,33,aviso,@next/next/no-img-element
app/lavoura/pragas/page.tsx,484,54,erro,react/no-unescaped-entities
app/lavoura/pragas/page.tsx,484,67,erro,react/no-unescaped-entities
app/lavoura/pragas/page.tsx,505,29,aviso,@next/next/no-img-element
app/lavoura/pragas/page.tsx,759,23,aviso,@next/next/no-img-element
app/lavoura/pulverizacao/page.tsx,94,9,aviso,@typescript-eslint/no-unused-vars
app/lavoura/pulverizacao/page.tsx,342,88,erro,react/no-unescaped-entities
app/lavoura/pulverizacao/page.tsx,342,109,erro,react/no-unescaped-entities
app/lavoura/recomendacoes/page.tsx,109,22,aviso,@typescript-eslint/no-unused-vars
app/lavoura/recomendacoes/page.tsx,780,32,erro,react-hooks/preserve-manual-memoization
app/lavoura/recomendacoes/page.tsx,788,6,aviso,react-hooks/exhaustive-deps
app/lavoura/recomendacoes/page.tsx,792,5,erro,react-hooks/set-state-in-effect
app/lavoura/recomendacoes/page.tsx,1017,13,erro,@next/next/no-html-link-for-pages
app/lavoura/relatorios/aplicacoes/page.tsx,136,6,aviso,react-hooks/exhaustive-deps
app/lavoura/relatorios/aplicacoes/page.tsx,136,7,aviso,react-hooks/exhaustive-deps
app/lavoura/relatorios/aplicacoes/page.tsx,195,55,erro,@typescript-eslint/no-explicit-any
app/lavoura/relatorios/aplicacoes/page.tsx,211,49,erro,@typescript-eslint/no-explicit-any
app/lavoura/relatorios/aplicacoes/page.tsx,212,47,erro,@typescript-eslint/no-explicit-any
app/lavoura/relatorios/aplicacoes/page.tsx,213,49,erro,@typescript-eslint/no-explicit-any
app/lavoura/relatorios/aplicacoes/page.tsx,214,47,erro,@typescript-eslint/no-explicit-any
app/lavoura/relatorios/aplicacoes/page.tsx,229,43,erro,@typescript-eslint/no-explicit-any
app/lavoura/relatorios/aplicacoes/page.tsx,229,61,erro,@typescript-eslint/no-explicit-any
app/lavoura/relatorios/aplicacoes/page.tsx,233,47,erro,@typescript-eslint/no-explicit-any
app/lavoura/relatorios/aplicacoes/page.tsx,233,65,erro,@typescript-eslint/no-explicit-any
app/lavoura/relatorios/aplicacoes/page.tsx,324,6,aviso,react-hooks/exhaustive-deps
app/lavoura/tratamento-sementes/page.tsx,24,3,aviso,@typescript-eslint/no-unused-vars
app/lavoura/tratamento-sementes/page.tsx,26,3,aviso,@typescript-eslint/no-unused-vars
app/lavoura/tratamento-sementes/page.tsx,233,9,aviso,@typescript-eslint/no-unused-vars
app/lavoura/tratamento-sementes/page.tsx,791,59,erro,react/no-unescaped-entities
app/lavoura/tratamento-sementes/page.tsx,791,72,erro,react/no-unescaped-entities
app/layout.tsx,57,10,aviso,
app/layout.tsx,59,10,aviso,
app/lcdpr/page.tsx,207,10,aviso,@typescript-eslint/no-unused-vars
app/lcdpr/page.tsx,208,10,aviso,@typescript-eslint/no-unused-vars
app/lcdpr/page.tsx,434,6,aviso,react-hooks/exhaustive-deps
app/lcdpr/page.tsx,434,18,aviso,react-hooks/exhaustive-deps
app/lcdpr/page.tsx,1122,46,erro,react/no-unescaped-entities
app/lcdpr/page.tsx,1122,66,erro,react/no-unescaped-entities
app/lcdpr/page.tsx,1408,82,erro,react/no-unescaped-entities
app/lcdpr/page.tsx,1408,95,erro,react/no-unescaped-entities
app/lcdpr/page.tsx,1492,34,erro,react/no-unescaped-entities
app/lcdpr/page.tsx,1492,42,erro,react/no-unescaped-entities
app/lcdpr/page.tsx,1492,46,erro,react/no-unescaped-entities
app/lcdpr/page.tsx,1492,55,erro,react/no-unescaped-entities
app/learning/page.tsx,37,14,aviso,@typescript-eslint/no-unused-vars
app/learning/page.tsx,104,14,aviso,@typescript-eslint/no-unused-vars
app/login/page.tsx,281,13,erro,@next/next/no-html-link-for-pages
app/mapa/page.tsx,80,6,aviso,react-hooks/exhaustive-deps
app/mapa/page.tsx,106,6,aviso,react-hooks/exhaustive-deps
app/mapa/page.tsx,156,9,aviso,@typescript-eslint/no-unused-vars
app/offline/page.tsx,90,11,erro,@next/next/no-html-link-for-pages
app/offline/page.tsx,90,11,erro,@next/next/no-html-link-for-pages
app/pagamento/page.tsx,40,20,aviso,@typescript-eslint/no-unused-vars
app/pagamento/page.tsx,41,9,aviso,@typescript-eslint/no-unused-vars
app/pagamento/page.tsx,132,11,aviso,@next/next/no-img-element
app/pagamento/page.tsx,135,9,erro,@next/next/no-html-link-for-pages
app/pagamento/page.tsx,135,9,erro,@next/next/no-html-link-for-pages
app/page.tsx,53,7,aviso,@typescript-eslint/no-unused-vars
app/page.tsx,54,7,aviso,@typescript-eslint/no-unused-vars
app/page.tsx,124,10,aviso,@typescript-eslint/no-unused-vars
app/page.tsx,180,16,aviso,@typescript-eslint/no-unused-vars
app/page.tsx,184,6,aviso,react-hooks/exhaustive-deps
app/page.tsx,603,6,aviso,react-hooks/exhaustive-deps
app/page.tsx,627,8,aviso,
app/page.tsx,693,128,erro,react/no-unescaped-entities
app/page.tsx,693,142,erro,react/no-unescaped-entities
app/page.tsx,805,19,erro,@next/next/no-html-link-for-pages
app/page.tsx,816,19,erro,@next/next/no-html-link-for-pages
app/parcerias/page.tsx,202,10,aviso,@typescript-eslint/no-unused-vars
app/parcerias/page.tsx,204,10,aviso,@typescript-eslint/no-unused-vars
app/parcerias/page.tsx,233,6,aviso,react-hooks/exhaustive-deps
app/parcerias/page.tsx,303,86,aviso,@typescript-eslint/no-unused-vars
app/parcerias/page.tsx,918,45,erro,react/no-unescaped-entities
app/parcerias/page.tsx,918,65,erro,react/no-unescaped-entities
app/parcerias/page.tsx,918,79,erro,react/no-unescaped-entities
app/parcerias/page.tsx,918,86,erro,react/no-unescaped-entities
app/parcerias/page.tsx,941,207,erro,react/no-unescaped-entities
app/parcerias/page.tsx,941,227,erro,react/no-unescaped-entities
app/pendencias/operacionais/page.tsx,97,20,aviso,
app/pendencias/operacionais/page.tsx,110,6,aviso,react-hooks/exhaustive-deps
app/pendencias/operacionais/page.tsx,198,15,erro,@next/next/no-html-link-for-pages
app/pendencias/operacionais/page.tsx,219,19,erro,@next/next/no-html-link-for-pages
app/pendencias/operacionais/page.tsx,236,15,erro,@next/next/no-html-link-for-pages
app/pendencias/operacionais/page.tsx,256,19,erro,@next/next/no-html-link-for-pages
app/pendencias/operacionais/page.tsx,361,77,erro,react/no-unescaped-entities
app/pendencias/operacionais/page.tsx,361,103,erro,react/no-unescaped-entities
app/planos/page.tsx,28,9,aviso,@next/next/no-img-element
app/planos/page.tsx,227,64,erro,@next/next/no-html-link-for-pages
app/propriedades/page.tsx,27,36,aviso,react-hooks/exhaustive-deps
app/propriedades/page.tsx,44,54,aviso,@typescript-eslint/no-unused-expressions
app/raccotlo/page.tsx,14,26,erro,react-hooks/set-state-in-effect
app/raccotlo/page.tsx,36,9,aviso,@next/next/no-img-element
app/relatorios/dre/page.tsx,14,6,aviso,@typescript-eslint/no-unused-vars
app/relatorios/dre/page.tsx,84,7,aviso,@typescript-eslint/no-unused-vars
app/relatorios/dre/page.tsx,86,7,aviso,@typescript-eslint/no-unused-vars
app/relatorios/dre/page.tsx,210,13,aviso,@typescript-eslint/no-unused-vars
app/relatorios/dre/page.tsx,295,39,erro,@typescript-eslint/no-explicit-any
app/relatorios/dre/page.tsx,299,39,erro,@typescript-eslint/no-explicit-any
app/relatorios/dre/page.tsx,317,11,erro,prefer-const
app/relatorios/dre/page.tsx,409,48,erro,@typescript-eslint/no-explicit-any
app/relatorios/dre/page.tsx,571,9,aviso,@typescript-eslint/no-unused-vars
app/relatorios/dre/page.tsx,698,45,erro,react/no-unescaped-entities
app/relatorios/dre/page.tsx,698,55,erro,react/no-unescaped-entities
app/relatorios/financeiro-classificacao/page.tsx,227,6,aviso,react-hooks/exhaustive-deps
app/relatorios/financeiro-classificacao/page.tsx,227,7,aviso,react-hooks/exhaustive-deps
app/relatorios/financeiro-classificacao/page.tsx,259,6,aviso,react-hooks/exhaustive-deps
app/relatorios/financeiro-classificacao/page.tsx,288,45,aviso,@typescript-eslint/no-unused-expressions
app/relatorios/financeiro-classificacao/page.tsx,295,47,aviso,@typescript-eslint/no-unused-expressions
app/relatorios/financeiro-classificacao/page.tsx,318,7,aviso,@typescript-eslint/no-unused-expressions
app/relatorios/manutencao/page.tsx,98,62,aviso,@typescript-eslint/no-unused-expressions
app/relatorios/romaneios/page.tsx,131,34,aviso,react-hooks/exhaustive-deps
app/relatorios/romaneios/page.tsx,175,89,aviso,@typescript-eslint/no-unused-expressions
app/seletor-cliente/page.tsx,40,26,erro,react-hooks/set-state-in-effect
app/seletor-cliente/page.tsx,59,5,erro,react-hooks/set-state-in-effect
app/seletor-cliente/page.tsx,97,11,aviso,@next/next/no-img-element
app/suporte/page.tsx,8,27,aviso,@typescript-eslint/no-unused-vars
app/suporte/page.tsx,59,14,aviso,@typescript-eslint/no-unused-vars
app/suporte/page.tsx,90,14,aviso,@typescript-eslint/no-unused-vars
app/suporte/page.tsx,279,19,aviso,@next/next/no-img-element
app/suporte/page.tsx,292,23,aviso,@next/next/no-img-element
app/suporte/page.tsx,325,27,aviso,@next/next/no-img-element
app/suporte/page.tsx,355,23,aviso,@next/next/no-img-element
app/suporte/page.tsx,414,17,aviso,@next/next/no-img-element
app/transporte/acerto-frete/page.tsx,117,21,erro,react-hooks/set-state-in-effect
app/transporte/acerto-frete/page.tsx,289,41,aviso,@typescript-eslint/no-unused-vars
app/transporte/cadastros/page.tsx,115,32,erro,react-hooks/preserve-manual-memoization
app/transporte/cadastros/page.tsx,130,6,aviso,react-hooks/exhaustive-deps
app/transporte/cadastros/page.tsx,132,21,erro,react-hooks/set-state-in-effect
app/transporte/cadastros/page.tsx,323,68,erro,react/no-unescaped-entities
app/transporte/cadastros/page.tsx,323,90,erro,react/no-unescaped-entities
app/transporte/cadastros/page.tsx,373,60,erro,react/no-unescaped-entities
app/transporte/cadastros/page.tsx,373,75,erro,react/no-unescaped-entities
app/transporte/cadastros/page.tsx,424,62,erro,react/no-unescaped-entities
app/transporte/cadastros/page.tsx,424,79,erro,react/no-unescaped-entities
app/transporte/cte/page.tsx,623,6,aviso,react-hooks/exhaustive-deps
app/transporte/cte/page.tsx,626,70,aviso,react-hooks/exhaustive-deps
app/transporte/cte/page.tsx,1749,83,erro,react/no-unescaped-entities
app/transporte/cte/page.tsx,1749,98,erro,react/no-unescaped-entities
app/transporte/cte/page.tsx,1915,220,aviso,@typescript-eslint/no-unused-expressions
app/transporte/mdfe/page.tsx,1526,146,erro,react/no-unescaped-entities
app/transporte/mdfe/page.tsx,1526,174,erro,react/no-unescaped-entities
campo-app/app/(tabs)/abastecimento.tsx,37,7,aviso,@typescript-eslint/no-unused-vars
campo-app/app/(tabs)/abastecimento.tsx,104,21,erro,react-hooks/set-state-in-effect
campo-app/app/(tabs)/colheita.tsx,79,21,erro,react-hooks/set-state-in-effect
campo-app/app/(tabs)/colheita.tsx,131,19,aviso,@typescript-eslint/no-unused-vars
campo-app/app/(tabs)/monitoramento.tsx,194,9,aviso,@typescript-eslint/no-unused-vars
campo-app/app/(tabs)/monitoramento.tsx,285,17,aviso,jsx-a11y/alt-text
campo-app/app/(tabs)/plantio.tsx,74,21,erro,react-hooks/set-state-in-effect
campo-app/app/(tabs)/plantio.tsx,123,19,aviso,@typescript-eslint/no-unused-vars
campo-app/app/(tabs)/pluviometria.tsx,74,21,erro,react-hooks/set-state-in-effect
campo-app/app/(tabs)/pulverizacao.tsx,155,21,erro,react-hooks/set-state-in-effect
campo-app/app/(tabs)/pulverizacao.tsx,216,19,aviso,@typescript-eslint/no-unused-vars
campo-app/app/login.tsx,38,11,aviso,jsx-a11y/alt-text
campo-app/app/login.tsx,38,26,erro,@typescript-eslint/no-require-imports
campo-app/app/login.tsx,74,11,aviso,jsx-a11y/alt-text
campo-app/app/login.tsx,75,21,erro,@typescript-eslint/no-require-imports
campo-app/metro.config.js,1,30,erro,@typescript-eslint/no-require-imports
components/AnexoDocumentos.tsx,43,83,aviso,@typescript-eslint/no-unused-vars
components/AnexoDocumentos.tsx,48,10,aviso,@typescript-eslint/no-unused-vars
components/AnexoDocumentos.tsx,72,53,aviso,react-hooks/exhaustive-deps
components/AuthProvider.tsx,475,6,aviso,react-hooks/exhaustive-deps
components/AuthProvider.tsx,532,30,aviso,
components/AuthProvider.tsx,612,6,aviso,react-hooks/exhaustive-deps
components/BalancaSerial.tsx,44,3,aviso,
components/BannerInadimplente.tsx,9,25,aviso,@typescript-eslint/no-unused-vars
components/CascadeSelector.tsx,97,6,aviso,react-hooks/exhaustive-deps
components/ConciliacaoOfxInfo.tsx,17,5,erro,react-hooks/set-state-in-effect
components/InputMonetario.tsx,44,7,erro,react-hooks/set-state-in-effect
components/InputNumerico.tsx,59,7,erro,react-hooks/set-state-in-effect
components/OnboardingPanel.tsx,11,9,aviso,@typescript-eslint/no-unused-vars
components/RescisaoFuncionario.tsx,45,81,aviso,
components/RescisaoFuncionario.tsx,45,115,aviso,react-hooks/exhaustive-deps
components/SelectBusca.tsx,25,35,erro,react-hooks/purity
components/SelectBusca.tsx,143,138,erro,react/no-unescaped-entities
components/SelectBusca.tsx,143,146,erro,react/no-unescaped-entities
components/Sidebar.tsx,87,57,aviso,@typescript-eslint/no-unused-expressions
components/SidebarAtalhos.tsx,84,5,erro,react-hooks/set-state-in-effect
components/TopNav.tsx,288,34,aviso,@typescript-eslint/no-unused-vars
components/TopNav.tsx,295,28,aviso,@typescript-eslint/no-unused-vars
components/TopNav.tsx,313,34,aviso,@typescript-eslint/no-unused-vars
components/TopNav.tsx,313,238,aviso,@typescript-eslint/no-unused-vars
components/TopNav.tsx,491,9,aviso,@typescript-eslint/no-unused-vars
components/TopNav.tsx,657,13,aviso,@next/next/no-img-element
components/TopNav.tsx,659,13,aviso,@next/next/no-img-element
components/TopNav.tsx,667,17,aviso,@next/next/no-img-element
components/TopNav.tsx,686,19,aviso,@next/next/no-img-element
components/TopNav.tsx,720,13,erro,@next/next/no-html-link-for-pages
components/TopNav.tsx,758,21,erro,@next/next/no-html-link-for-pages
components/TopNav.tsx,770,21,erro,@next/next/no-html-link-for-pages
components/TopNav.tsx,1112,15,aviso,@next/next/no-img-element
components/TopNav.tsx,1130,99,erro,react/no-unescaped-entities
components/TopNav.tsx,1130,108,erro,react/no-unescaped-entities
hooks/useTheme.ts,22,5,erro,react-hooks/set-state-in-effect
lib/asaas.ts,119,35,aviso,@typescript-eslint/no-unused-vars
lib/controller-checks.ts,39,12,aviso,@typescript-eslint/no-unused-vars
lib/controller-checks.ts,67,12,aviso,@typescript-eslint/no-unused-vars
lib/controller-checks.ts,95,12,aviso,@typescript-eslint/no-unused-vars
lib/controller-checks.ts,123,12,aviso,@typescript-eslint/no-unused-vars
lib/controller-checks.ts,151,12,aviso,@typescript-eslint/no-unused-vars
lib/cte/config.ts,50,16,aviso,@typescript-eslint/no-unused-vars
lib/cte/config.ts,139,7,erro,prefer-const
lib/cte/index.ts,12,10,aviso,@typescript-eslint/no-unused-vars
lib/cte/index.ts,394,24,aviso,@typescript-eslint/no-unused-vars
lib/cte/index.ts,394,52,aviso,@typescript-eslint/no-unused-vars
lib/cte/transmitter.ts,11,10,aviso,@typescript-eslint/no-unused-vars
lib/db.ts,612,9,erro,prefer-const
lib/db.ts,1702,23,aviso,@typescript-eslint/no-unused-vars
lib/db.ts,1827,11,aviso,@typescript-eslint/no-unused-vars
lib/db.ts,2170,31,erro,@typescript-eslint/no-explicit-any
lib/db.ts,2456,23,aviso,@typescript-eslint/no-unused-vars
lib/db.ts,2456,40,aviso,@typescript-eslint/no-unused-vars
lib/db.ts,2456,59,aviso,@typescript-eslint/no-unused-vars
lib/db.ts,4283,7,aviso,@typescript-eslint/no-unused-vars
lib/db.ts,4398,259,aviso,@typescript-eslint/no-unused-vars
lib/db.ts,4805,53,aviso,@typescript-eslint/no-unused-vars
lib/db.ts,6643,25,aviso,@typescript-eslint/no-unused-vars
lib/db.ts,6733,26,aviso,@typescript-eslint/no-unused-vars
lib/mdfe/config.ts,141,7,erro,prefer-const
lib/mdfe/transmitter.ts,12,10,aviso,@typescript-eslint/no-unused-vars
lib/nfe/transmitter.ts,202,59,aviso,@typescript-eslint/no-unused-vars
lib/whatsapp-claude.ts,15,15,aviso,@typescript-eslint/no-unused-vars
lib/whatsapp-consultas.ts,238,11,aviso,@typescript-eslint/no-unused-vars
lib/whatsapp-inserir.ts,1191,9,aviso,@typescript-eslint/no-unused-vars
lib/whatsapp-inserir.ts,2369,19,aviso,@typescript-eslint/no-unused-vars
scripts/balanca-bridge/bridge.js,9,14,erro,@typescript-eslint/no-require-imports
scripts/balanca-bridge/bridge.js,10,14,erro,@typescript-eslint/no-require-imports
scripts/balanca-bridge/bridge.js,11,29,erro,@typescript-eslint/no-require-imports
scripts/balanca-bridge/bridge.js,85,11,aviso,@typescript-eslint/no-unused-vars
scripts/migracao/01-extrair-agro1.js,9,18,erro,@typescript-eslint/no-require-imports
scripts/migracao/01-extrair-agro1.js,10,18,erro,@typescript-eslint/no-require-imports
scripts/migracao/01-extrair-agro1.js,11,18,erro,@typescript-eslint/no-require-imports
scripts/migracao/01-extrair-habio.js,13,18,erro,@typescript-eslint/no-require-imports
scripts/migracao/01-extrair-habio.js,14,18,erro,@typescript-eslint/no-require-imports
scripts/migracao/01-extrair-habio.js,15,18,erro,@typescript-eslint/no-require-imports
scripts/migracao/02-importar-habio.js,26,1,erro,@typescript-eslint/no-require-imports
scripts/migracao/02-importar-habio.js,26,34,erro,@typescript-eslint/no-require-imports
scripts/migracao/02-importar-habio.js,27,26,erro,@typescript-eslint/no-require-imports
scripts/migracao/02-importar-habio.js,28,14,erro,@typescript-eslint/no-require-imports
scripts/migracao/02-importar-habio.js,29,14,erro,@typescript-eslint/no-require-imports
scripts/migracao/02-importar-habio.js,55,7,aviso,@typescript-eslint/no-unused-vars
scripts/migracao/02-importar-habio.js,80,10,aviso,@typescript-eslint/no-unused-vars
scripts/migracao/02-importar-habio.js,133,9,aviso,@typescript-eslint/no-unused-vars
scripts/migracao/02-preview-migracao.js,9,14,erro,@typescript-eslint/no-require-imports
scripts/migracao/02-preview-migracao.js,10,14,erro,@typescript-eslint/no-require-imports
scripts/migracao/02-preview-migracao.js,52,9,aviso,@typescript-eslint/no-unused-vars
scripts/migracao/02-preview-migracao.js,106,9,aviso,@typescript-eslint/no-unused-vars
scripts/migracao/02-preview-migracao.js,107,9,aviso,@typescript-eslint/no-unused-vars
scripts/migracao/03-importar-arato.js,12,1,erro,@typescript-eslint/no-require-imports
scripts/migracao/03-importar-arato.js,12,34,erro,@typescript-eslint/no-require-imports
scripts/migracao/03-importar-arato.js,13,26,erro,@typescript-eslint/no-require-imports
scripts/migracao/03-importar-arato.js,14,14,erro,@typescript-eslint/no-require-imports
scripts/migracao/03-importar-arato.js,15,14,erro,@typescript-eslint/no-require-imports
scripts/migracao/03-importar-arato.js,31,7,aviso,@typescript-eslint/no-unused-vars
scripts/migracao/03-importar-arato.js,97,16,aviso,@typescript-eslint/no-unused-vars
scripts/migracao/03-importar-arato.js,180,9,aviso,@typescript-eslint/no-unused-vars
scripts/migracao/04-importar-financeiro.js,10,1,erro,@typescript-eslint/no-require-imports
scripts/migracao/04-importar-financeiro.js,10,34,erro,@typescript-eslint/no-require-imports
scripts/migracao/04-importar-financeiro.js,11,26,erro,@typescript-eslint/no-require-imports
scripts/migracao/04-importar-financeiro.js,12,14,erro,@typescript-eslint/no-require-imports
scripts/migracao/04-importar-financeiro.js,13,14,erro,@typescript-eslint/no-require-imports
scripts/migracao/04-importar-financeiro.js,37,10,aviso,@typescript-eslint/no-unused-vars
scripts/migracao/04-importar-financeiro.js,209,11,aviso,@typescript-eslint/no-unused-vars
scripts/migracao/04-importar-financeiro.js,211,11,aviso,@typescript-eslint/no-unused-vars
scripts/migracao/05-importar-contratos-habio.js,12,1,erro,@typescript-eslint/no-require-imports
scripts/migracao/05-importar-contratos-habio.js,12,34,erro,@typescript-eslint/no-require-imports
scripts/migracao/05-importar-contratos-habio.js,13,26,erro,@typescript-eslint/no-require-imports
scripts/migracao/05-importar-contratos-habio.js,14,14,erro,@typescript-eslint/no-require-imports
scripts/migracao/05-importar-contratos-habio.js,15,14,erro,@typescript-eslint/no-require-imports
supabase/functions/cte-transmit/index.ts,46,3,erro,@typescript-eslint/ban-ts-comment
supabase/functions/cte-transmit/index.ts,158,5,erro,@typescript-eslint/ban-ts-comment
supabase/functions/cte-transmit/index.ts,185,1,erro,@typescript-eslint/ban-ts-comment
supabase/functions/cte-transmit/index.ts,195,3,erro,@typescript-eslint/ban-ts-comment
supabase/functions/cte-transmit/index.ts,197,5,erro,@typescript-eslint/ban-ts-comment
